category,file,title,description,new,status,link,failure_reason,andrew_id
clusters-eth,cl-gap.test.ts,CL-002: Deposit into active 7-op cluster,Deposit into active 7-op cluster,yes,pass,https://github.com/ssvlabs/ssv-network/blob/feat/exhaustive-scenario-coverage/test/e2e/clusters-eth/cl-gap.test.ts#L103,,A-ACT-07; A-ACT-08; A-SETUP-08
clusters-eth,cl-gap.test.ts,CL-003: Deposit into active 13-op cluster (max operators),Deposit into active 13-op cluster (max operators),yes,pass,https://github.com/ssvlabs/ssv-network/blob/feat/exhaustive-scenario-coverage/test/e2e/clusters-eth/cl-gap.test.ts#L128,,A-ACT-07; A-ACT-08; A-SETUP-08
clusters-eth,cl-gap.test.ts,CL-006: Non-owner deposit into liquidated cluster succeeds,Non-owner deposit into liquidated cluster succeeds,yes,pass,https://github.com/ssvlabs/ssv-network/blob/feat/exhaustive-scenario-coverage/test/e2e/clusters-eth/cl-gap.test.ts#L152,,A-ACT-07; A-ACT-08; A-SETUP-08
clusters-eth,cl-gap.test.ts,"CL-007: Deposit 0 ETH succeeds — event fires, balance unchanged","Deposit 0 ETH succeeds — event fires, balance unchanged",yes,pass,https://github.com/ssvlabs/ssv-network/blob/feat/exhaustive-scenario-coverage/test/e2e/clusters-eth/cl-gap.test.ts#L192,,A-ACT-07; A-ACT-08; A-SETUP-08
clusters-eth,cl-gap.test.ts,CL-010: Large deposit does not overflow on near-zero balance,Large deposit does not overflow on near-zero balance,yes,pass,https://github.com/ssvlabs/ssv-network/blob/feat/exhaustive-scenario-coverage/test/e2e/clusters-eth/cl-gap.test.ts#L211,,A-ACT-07; A-ACT-08; A-SETUP-08
clusters-eth,cl-gap.test.ts,CL-012: Deposit into cluster with one removed operator succeeds,Deposit into cluster with one removed operator succeeds,yes,pass,https://github.com/ssvlabs/ssv-network/blob/feat/exhaustive-scenario-coverage/test/e2e/clusters-eth/cl-gap.test.ts#L240,,A-ACT-07; A-ACT-08; A-SETUP-08
clusters-eth,cl-gap.test.ts,CL-015: Deposit to SSV-version cluster reverts IncorrectClusterVersion,Deposit to SSV-version cluster reverts IncorrectClusterVersion,yes,pass,https://github.com/ssvlabs/ssv-network/blob/feat/exhaustive-scenario-coverage/test/e2e/clusters-eth/cl-gap.test.ts#L272,,A-ACT-07; A-ACT-08; A-ACT-14; A-BOUND-11; A-CHECK-06; A-SETUP-08
clusters-eth,cl-gap.test.ts,CL-017: Deposit into migrated cluster (SSV→ETH),Deposit into migrated cluster (SSV→ETH),yes,pass,https://github.com/ssvlabs/ssv-network/blob/feat/exhaustive-scenario-coverage/test/e2e/clusters-eth/cl-gap.test.ts#L306,,A-ACT-07; A-ACT-08; A-SETUP-08
clusters-eth,cl-gap.test.ts,CL-018: Deposit into active 10-op cluster,Deposit into active 10-op cluster,yes,pass,https://github.com/ssvlabs/ssv-network/blob/feat/exhaustive-scenario-coverage/test/e2e/clusters-eth/cl-gap.test.ts#L349,,A-ACT-07; A-ACT-08; A-SETUP-08
clusters-eth,cl-gap.test.ts,CL-022: Partial withdraw from active 7-op cluster,Partial withdraw from active 7-op cluster,yes,pass,https://github.com/ssvlabs/ssv-network/blob/feat/exhaustive-scenario-coverage/test/e2e/clusters-eth/cl-gap.test.ts#L379,,A-ACT-07; A-ACT-08; A-SETUP-08
clusters-eth,cl-gap.test.ts,CL-023: Partial withdraw from active 13-op cluster,Partial withdraw from active 13-op cluster,yes,pass,https://github.com/ssvlabs/ssv-network/blob/feat/exhaustive-scenario-coverage/test/e2e/clusters-eth/cl-gap.test.ts#L413,,A-ACT-07; A-ACT-08; A-SETUP-08
clusters-eth,cl-gap.test.ts,CL-030: Withdraw with explicit EB — exact boundary leaves balance == threshold,Withdraw with explicit EB — exact boundary leaves balance == threshold,yes,pass,https://github.com/ssvlabs/ssv-network/blob/feat/exhaustive-scenario-coverage/test/e2e/clusters-eth/cl-gap.test.ts#L447,,A-ACT-07; A-ACT-08; A-SETUP-08
clusters-eth,cl-gap.test.ts,CL-036: Withdraw with explicit EB (vUnits doubled) — higher threshold,Withdraw with explicit EB (vUnits doubled) — higher threshold,yes,pass,https://github.com/ssvlabs/ssv-network/blob/feat/exhaustive-scenario-coverage/test/e2e/clusters-eth/cl-gap.test.ts#L518,,A-ACT-07; A-ACT-08; A-SETUP-08
clusters-eth,cl-gap.test.ts,CL-041: Withdraw from active 10-op cluster with explicit EB,Withdraw from active 10-op cluster with explicit EB,yes,pass,https://github.com/ssvlabs/ssv-network/blob/feat/exhaustive-scenario-coverage/test/e2e/clusters-eth/cl-gap.test.ts#L566,,A-ACT-07; A-ACT-08; A-SETUP-08
clusters-eth,cl-gap.test.ts,CL-054: Withdraw amount > post-settlement balance reverts even if <= stale balance,Withdraw amount > post-settlement balance reverts even if <= stale balance,yes,pass,https://github.com/ssvlabs/ssv-network/blob/feat/exhaustive-scenario-coverage/test/e2e/clusters-eth/cl-gap.test.ts#L617,,A-ACT-07; A-ACT-08; A-SETUP-08
clusters-eth,cl-gap.test.ts,CL-055: Withdraw 0 reverts if post-settlement balance is below liquidation threshold,Withdraw 0 reverts if post-settlement balance is below liquidation threshold,yes,pass,https://github.com/ssvlabs/ssv-network/blob/feat/exhaustive-scenario-coverage/test/e2e/clusters-eth/cl-gap.test.ts#L648,,A-ACT-07; A-ACT-08; A-SETUP-08
clusters-eth,cl-gap.test.ts,CL-042: Deposit+withdraw with all operators removed — zero burn rate,Deposit+withdraw with all operators removed — zero burn rate,yes,pass,https://github.com/ssvlabs/ssv-network/blob/feat/exhaustive-scenario-coverage/test/e2e/clusters-eth/cl-gap.test.ts#L687,,A-ACT-07; A-ACT-08; A-SETUP-08
clusters-eth,cl-gap.test.ts,"CL-048: Deposit, EB update, then withdraw — higher threshold blocks withdrawal","Deposit, EB update, then withdraw — higher threshold blocks withdrawal",yes,pass,https://github.com/ssvlabs/ssv-network/blob/feat/exhaustive-scenario-coverage/test/e2e/clusters-eth/cl-gap.test.ts#L727,,A-ACT-07; A-ACT-08; A-SETUP-08
clusters-eth,cl-gap.test.ts,CL-049: Deposit overflow edge — repeated large deposits accumulate correctly,Deposit overflow edge — repeated large deposits accumulate correctly,yes,pass,https://github.com/ssvlabs/ssv-network/blob/feat/exhaustive-scenario-coverage/test/e2e/clusters-eth/cl-gap.test.ts#L801,,A-ACT-07; A-ACT-08; A-SETUP-08
clusters-eth,cl-gap.test.ts,CL-050: Withdraw from migrated cluster (SSV→ETH) with explicit EB,Withdraw from migrated cluster (SSV→ETH) with explicit EB,yes,pass,https://github.com/ssvlabs/ssv-network/blob/feat/exhaustive-scenario-coverage/test/e2e/clusters-eth/cl-gap.test.ts#L835,,A-ACT-07; A-ACT-08; A-SETUP-08
clusters-eth,cl-gap.test.ts,CL-051/CL-057: Dual-existence revert — deposit on SSV cluster with ETH cluster hash guard,CL-051/CL-057: Dual-existence revert — deposit on SSV cluster with ETH cluster hash guard,yes,pass,https://github.com/ssvlabs/ssv-network/blob/feat/exhaustive-scenario-coverage/test/e2e/clusters-eth/cl-gap.test.ts#L927,,A-ACT-07; A-ACT-08; A-SETUP-08
clusters-eth,cl-gap.test.ts,CL-052: Withdraw reverts ETHTransferFailed when owner contract rejects ETH,Withdraw reverts ETHTransferFailed when owner contract rejects ETH,yes,pass,https://github.com/ssvlabs/ssv-network/blob/feat/exhaustive-scenario-coverage/test/e2e/clusters-eth/cl-gap.test.ts#L977,,A-ACT-07; A-ACT-08; A-SETUP-08
clusters-eth,cluster-conservation.test.ts,"Maintains ETH conservation across deposits, withdrawals, liquidations, and operator withdrawals","Maintains ETH conservation across deposits, withdrawals, liquidations, and operator withdrawals",no,pass,https://github.com/ssvlabs/ssv-network/blob/feat/exhaustive-scenario-coverage/test/e2e/clusters-eth/cluster-conservation.test.ts#L43,,A-INV-01
clusters-eth,cluster-eth-eb.test.ts,Fees use old vUnits before EB update and new vUnits after,Fees use old vUnits before EB update and new vUnits after,no,pass,https://github.com/ssvlabs/ssv-network/blob/feat/exhaustive-scenario-coverage/test/e2e/clusters-eth/cluster-eth-eb.test.ts#L72,,
clusters-eth,cluster-eth-eb.test.ts,migration syncs EB deviation to operators and DAO,Migration syncs EB deviation to operators and DAO,no,pass,https://github.com/ssvlabs/ssv-network/blob/feat/exhaustive-scenario-coverage/test/e2e/clusters-eth/cluster-eth-eb.test.ts#L225,,
clusters-eth,cluster-eth-edge.test.ts,"Allows full withdrawal from cluster with 0 validators, skipping liquidation check","Allows full withdrawal from cluster with 0 validators, skipping liquidation check",no,pass,https://github.com/ssvlabs/ssv-network/blob/feat/exhaustive-scenario-coverage/test/e2e/clusters-eth/cluster-eth-edge.test.ts#L61,,A-ACT-09; A-LIQ-01; A-PREC-01
clusters-eth,cluster-eth-edge.test.ts,Restores EB deviation to operators and DAO on reactivation,Restores EB deviation to operators and DAO on reactivation,no,pass,https://github.com/ssvlabs/ssv-network/blob/feat/exhaustive-scenario-coverage/test/e2e/clusters-eth/cluster-eth-edge.test.ts#L141,,A-ACT-09; A-LIQ-01; A-PREC-01
clusters-eth,cluster-eth-edge.test.ts,Correctly computes fees over two withdrawals without updating operator snapshots,Correctly computes fees over two withdrawals without updating operator snapshots,no,pass,https://github.com/ssvlabs/ssv-network/blob/feat/exhaustive-scenario-coverage/test/e2e/clusters-eth/cluster-eth-edge.test.ts#L216,,A-ACT-09; A-LIQ-01; A-PREC-01
clusters-eth,cluster-eth-edge.test.ts,Reverts when setting operator ETH fee not divisible by ETH_DEDUCTED_DIGITS,Reverts when setting operator ETH fee not divisible by ETH_DEDUCTED_DIGITS,no,pass,https://github.com/ssvlabs/ssv-network/blob/feat/exhaustive-scenario-coverage/test/e2e/clusters-eth/cluster-eth-edge.test.ts#L293,,A-ACT-09; A-LIQ-01; A-PREC-01
clusters-eth,cluster-eth-edge.test.ts,Accepts operator ETH fee divisible by ETH_DEDUCTED_DIGITS,Accepts operator ETH fee divisible by ETH_DEDUCTED_DIGITS,no,pass,https://github.com/ssvlabs/ssv-network/blob/feat/exhaustive-scenario-coverage/test/e2e/clusters-eth/cluster-eth-edge.test.ts#L307,,A-ACT-09; A-LIQ-01; A-PREC-01
clusters-eth,cluster-eth-edge.test.ts,Allows deposit/withdraw of amounts not divisible by ETH_DEDUCTED_DIGITS,Allows deposit/withdraw of amounts not divisible by ETH_DEDUCTED_DIGITS,no,pass,https://github.com/ssvlabs/ssv-network/blob/feat/exhaustive-scenario-coverage/test/e2e/clusters-eth/cluster-eth-edge.test.ts#L320,,A-ACT-09; A-LIQ-01; A-PREC-01
clusters-eth,cluster-eth-edge.test.ts,"Bounty equals post-settlement balance, not original balance","Bounty equals post-settlement balance, not original balance",no,pass,https://github.com/ssvlabs/ssv-network/blob/feat/exhaustive-scenario-coverage/test/e2e/clusters-eth/cluster-eth-edge.test.ts#L377,,A-ACT-09; A-LIQ-01; A-PREC-01
clusters-eth,cluster-eth-lifecycle.test.ts,"Creates cluster, deposits, advances blocks, withdraws with correct fee deduction","Creates cluster, deposits, advances blocks, withdraws with correct fee deduction",no,pass,https://github.com/ssvlabs/ssv-network/blob/feat/exhaustive-scenario-coverage/test/e2e/clusters-eth/cluster-eth-lifecycle.test.ts#L60,,A-ACT-08; A-ACT-09; A-CHECK-03; A-TEAR-01
clusters-eth,cluster-eth-lifecycle.test.ts,Deposit at same block as registration — no fee settlement (edge),Deposit at same block as registration — no fee settlement (edge),no,pass,https://github.com/ssvlabs/ssv-network/blob/feat/exhaustive-scenario-coverage/test/e2e/clusters-eth/cluster-eth-lifecycle.test.ts#L113,,A-ACT-08; A-ACT-09; A-CHECK-03; A-TEAR-01
clusters-eth,cluster-eth-lifecycle.test.ts,Multiple deposits accumulate without fee settlement (edge),Multiple deposits accumulate without fee settlement (edge),no,pass,https://github.com/ssvlabs/ssv-network/blob/feat/exhaustive-scenario-coverage/test/e2e/clusters-eth/cluster-eth-lifecycle.test.ts#L132,,A-ACT-08; A-ACT-09; A-CHECK-03; A-TEAR-01
clusters-eth,cluster-eth-lifecycle.test.ts,Allows withdraw to exact threshold but rejects 1 more wei,Allows withdraw to exact threshold but rejects 1 more wei,no,pass,https://github.com/ssvlabs/ssv-network/blob/feat/exhaustive-scenario-coverage/test/e2e/clusters-eth/cluster-eth-lifecycle.test.ts#L163,,A-ACT-08; A-ACT-09; A-CHECK-03; A-TEAR-01
clusters-eth,cluster-eth-lifecycle.test.ts,ValidatorCount == 0 allows full withdrawal (edge),ValidatorCount == 0 allows full withdrawal (edge),no,pass,https://github.com/ssvlabs/ssv-network/blob/feat/exhaustive-scenario-coverage/test/e2e/clusters-eth/cluster-eth-lifecycle.test.ts#L208,,A-ACT-08; A-ACT-09; A-CHECK-03; A-TEAR-01
clusters-eth,cluster-eth-lifecycle.test.ts,"Liquidates cluster after balance drops below threshold, liquidator receives bounty","Liquidates cluster after balance drops below threshold, liquidator receives bounty",no,pass,https://github.com/ssvlabs/ssv-network/blob/feat/exhaustive-scenario-coverage/test/e2e/clusters-eth/cluster-eth-lifecycle.test.ts#L250,,A-ACT-08; A-ACT-09; A-CHECK-03; A-TEAR-01
clusters-eth,cluster-eth-lifecycle.test.ts,Owner can always self-liquidate regardless of balance (edge),Owner can always self-liquidate regardless of balance (edge),no,pass,https://github.com/ssvlabs/ssv-network/blob/feat/exhaustive-scenario-coverage/test/e2e/clusters-eth/cluster-eth-lifecycle.test.ts#L332,,A-ACT-08; A-ACT-09; A-CHECK-03; A-TEAR-01
clusters-eth,cluster-eth-lifecycle.test.ts,Full lifecycle: create → liquidate → reactivate → verify fee accrual from reactivation point,Full lifecycle: create → liquidate → reactivate → verify fee accrual from reactivation point,no,pass,https://github.com/ssvlabs/ssv-network/blob/feat/exhaustive-scenario-coverage/test/e2e/clusters-eth/cluster-eth-lifecycle.test.ts#L373,,A-ACT-08; A-ACT-09; A-CHECK-03; A-TEAR-01
clusters-eth,cluster-eth-lifecycle.test.ts,"Deposits into liquidated cluster accumulate, reactivation uses sum","Deposits into liquidated cluster accumulate, reactivation uses sum",no,pass,https://github.com/ssvlabs/ssv-network/blob/feat/exhaustive-scenario-coverage/test/e2e/clusters-eth/cluster-eth-lifecycle.test.ts#L448,,A-ACT-08; A-ACT-09; A-CHECK-03; A-TEAR-01
clusters-eth,cluster-eth-liquidation.test.ts,"Balance == threshold is NOT liquidatable, balance < threshold IS","Balance == threshold is NOT liquidatable, balance < threshold IS",no,pass,https://github.com/ssvlabs/ssv-network/blob/feat/exhaustive-scenario-coverage/test/e2e/clusters-eth/cluster-eth-liquidation.test.ts#L104,,A-ACT-11; A-ACT-41; A-CHECK-02; A-LIQ-01
clusters-eth,cluster-eth-liquidation.test.ts,Liquidation reverses EB deviation from operators and DAO,Liquidation reverses EB deviation from operators and DAO,no,pass,https://github.com/ssvlabs/ssv-network/blob/feat/exhaustive-scenario-coverage/test/e2e/clusters-eth/cluster-eth-liquidation.test.ts#L162,,A-ACT-11; A-ACT-41; A-CHECK-02; A-LIQ-01
clusters-eth,cluster-eth-liquidation.test.ts,"EB increase triggers auto-liquidation, bounty goes to updater","EB increase triggers auto-liquidation, bounty goes to updater",no,pass,https://github.com/ssvlabs/ssv-network/blob/feat/exhaustive-scenario-coverage/test/e2e/clusters-eth/cluster-eth-liquidation.test.ts#L254,,A-ACT-11; A-ACT-41; A-CHECK-02; A-LIQ-01
clusters-eth,cluster-reverts.test.ts,Third-party liquidation at exact threshold reverts with ClusterNotLiquidatable,Third-party liquidation at exact threshold reverts with ClusterNotLiquidatable,no,pass,https://github.com/ssvlabs/ssv-network/blob/feat/exhaustive-scenario-coverage/test/e2e/clusters-eth/cluster-reverts.test.ts#L51,,A-ACT-11; A-BOUND-16; A-CHECK-02
clusters-eth,cluster-reverts.test.ts,Self-liquidation at exact threshold succeeds (owner bypass),Self-liquidation at exact threshold succeeds (owner bypass),no,pass,https://github.com/ssvlabs/ssv-network/blob/feat/exhaustive-scenario-coverage/test/e2e/clusters-eth/cluster-reverts.test.ts#L96,,A-ACT-11; A-BOUND-16; A-CHECK-02
clusters-eth,cluster-reverts.test.ts,Third-party liquidation at threshold - 1 wei succeeds,Third-party liquidation at threshold - 1 wei succeeds,no,pass,https://github.com/ssvlabs/ssv-network/blob/feat/exhaustive-scenario-coverage/test/e2e/clusters-eth/cluster-reverts.test.ts#L142,,A-ACT-11; A-BOUND-16; A-CHECK-02
clusters-eth,lq-gap.test.ts,updateClusterBalance does NOT auto-liquidate a cluster with validatorCount = 0,UpdateClusterBalance does NOT auto-liquidate a cluster with validatorCount = 0,yes,pass,https://github.com/ssvlabs/ssv-network/blob/feat/exhaustive-scenario-coverage/test/e2e/clusters-eth/lq-gap.test.ts#L238,,A-ACT-10; A-ACT-11; A-BATCH-03; A-BOUND-10; A-CHECK-02
clusters-eth,lq-gap.test.ts,SSV cluster liquidatable when balance above burn-rate threshold but below collateral floor,SSV cluster liquidatable when balance above burn-rate threshold but below collateral floor,yes,pass,https://github.com/ssvlabs/ssv-network/blob/feat/exhaustive-scenario-coverage/test/e2e/clusters-eth/lq-gap.test.ts#L314,,A-ACT-10; A-ACT-11; A-BATCH-03; A-BOUND-10; A-CHECK-02
clusters-eth,lq-gap.test.ts,Third-party SSV liquidation reverts ClusterNotLiquidatable for validatorCount = 0,Third-party SSV liquidation reverts ClusterNotLiquidatable for validatorCount = 0,yes,pass,https://github.com/ssvlabs/ssv-network/blob/feat/exhaustive-scenario-coverage/test/e2e/clusters-eth/lq-gap.test.ts#L365,,A-ACT-10; A-ACT-11; A-BATCH-03; A-BOUND-10; A-CHECK-02
clusters-eth,lq-gap.test.ts,${scenarioId}: Reactivate with ${numOps} operators — all operators updated,...: Reactivate with ... operators — all operators updated,yes,pass,https://github.com/ssvlabs/ssv-network/blob/feat/exhaustive-scenario-coverage/test/e2e/clusters-eth/lq-gap.test.ts#L387,,A-ACT-10; A-ACT-11; A-BATCH-03; A-BOUND-10; A-CHECK-02
clusters-eth,lq-gap.test.ts,"Removed operator skipped on reactivation — no ethValidatorCount increment, fee excluded","Removed operator skipped on reactivation — no ethValidatorCount increment, fee excluded",yes,pass,https://github.com/ssvlabs/ssv-network/blob/feat/exhaustive-scenario-coverage/test/e2e/clusters-eth/lq-gap.test.ts#L445,,A-ACT-10; A-ACT-11; A-BATCH-03; A-BOUND-10; A-CHECK-02
clusters-eth,lq-gap.test.ts,All operators skipped — cluster reactivates with zero burn rate,All operators skipped — cluster reactivates with zero burn rate,yes,pass,https://github.com/ssvlabs/ssv-network/blob/feat/exhaustive-scenario-coverage/test/e2e/clusters-eth/lq-gap.test.ts#L505,,A-ACT-10; A-ACT-11; A-BATCH-03; A-BOUND-10; A-CHECK-02
clusters-eth,lq-gap.test.ts,Cluster balance = reactivation msg.value + deposit msg.value after fees,Cluster balance = reactivation msg.value + deposit msg.value after fees,yes,pass,https://github.com/ssvlabs/ssv-network/blob/feat/exhaustive-scenario-coverage/test/e2e/clusters-eth/lq-gap.test.ts#L560,,A-ACT-10; A-ACT-11; A-BATCH-03; A-BOUND-10; A-CHECK-02
clusters-eth,lq-gap.test.ts,"Reactivates with stale EB=32, then updateClusterBalance with EB=64 triggers auto-liquidation","Reactivates with stale EB=32, then updateClusterBalance with EB=64 triggers auto-liquidation",yes,pass,https://github.com/ssvlabs/ssv-network/blob/feat/exhaustive-scenario-coverage/test/e2e/clusters-eth/lq-gap.test.ts#L615,,A-ACT-10; A-ACT-11; A-BATCH-03; A-BOUND-10; A-CHECK-02
clusters-eth,lq-gap.test.ts,"Reactivates with stale EB=64, actual EB drops to 32 — overfunded but succeeds","Reactivates with stale EB=64, actual EB drops to 32 — overfunded but succeeds",yes,pass,https://github.com/ssvlabs/ssv-network/blob/feat/exhaustive-scenario-coverage/test/e2e/clusters-eth/lq-gap.test.ts#L686,,A-ACT-10; A-ACT-11; A-BATCH-03; A-BOUND-10; A-CHECK-02
clusters-eth,lq-gap.test.ts,"Deviation added only to active operators' operatorEthVUnits, not removed op","Deviation added only to active operators' operatorEthVUnits, not removed op",yes,pass,https://github.com/ssvlabs/ssv-network/blob/feat/exhaustive-scenario-coverage/test/e2e/clusters-eth/lq-gap.test.ts#L748,,A-ACT-10; A-ACT-11; A-BATCH-03; A-BOUND-10; A-CHECK-02
clusters-eth,lq-gap.test.ts,Reverts ExceedValidatorLimitWithData when reactivation would exceed operator limit,Reverts ExceedValidatorLimitWithData when reactivation would exceed operator limit,yes,pass,https://github.com/ssvlabs/ssv-network/blob/feat/exhaustive-scenario-coverage/test/e2e/clusters-eth/lq-gap.test.ts#L825,,A-ACT-10; A-ACT-11; A-BATCH-03; A-BOUND-10; A-CHECK-02
clusters-eth,lq-gap.test.ts,Reactivated cluster with clusterDeviation=0 while DAO deviation is non-zero from another cluster,Reactivated cluster with clusterDeviation=0 while DAO deviation is non-zero from another cluster,yes,pass,https://github.com/ssvlabs/ssv-network/blob/feat/exhaustive-scenario-coverage/test/e2e/clusters-eth/lq-gap.test.ts#L879,,A-ACT-10; A-ACT-11; A-BATCH-03; A-BOUND-10; A-CHECK-02
clusters-eth,lq-gap.test.ts,Both clusters have deviation — reactivation adds cluster deviation to operators additively,Both clusters have deviation — reactivation adds cluster deviation to operators additively,yes,pass,https://github.com/ssvlabs/ssv-network/blob/feat/exhaustive-scenario-coverage/test/e2e/clusters-eth/lq-gap.test.ts#L951,,A-ACT-10; A-ACT-11; A-BATCH-03; A-BOUND-10; A-CHECK-02
clusters-eth,lq-gap.test.ts,Reactivation in same block as liquidation skips snapshot/index/balance accrual,Reactivation in same block as liquidation skips snapshot/index/balance accrual,yes,pass,https://github.com/ssvlabs/ssv-network/blob/feat/exhaustive-scenario-coverage/test/e2e/clusters-eth/lq-gap.test.ts#L1036,,A-ACT-10; A-ACT-11; A-BATCH-03; A-BOUND-10; A-CHECK-02
clusters-eth,lq-gap.test.ts,Each operator's ethValidatorCount is 0 after liquidating a 5-validator cluster,Each operator's ethValidatorCount is 0 after liquidating a 5-validator cluster,yes,pass,https://github.com/ssvlabs/ssv-network/blob/feat/exhaustive-scenario-coverage/test/e2e/clusters-eth/lq-gap.test.ts#L1084,,A-ACT-10; A-ACT-11; A-BATCH-03; A-BOUND-10; A-CHECK-02
clusters-eth,lq-gap.test.ts,Reverts ClusterNotLiquidatable when third party tries to liquidate cluster with validatorCount=0,Reverts ClusterNotLiquidatable when third party tries to liquidate cluster with validatorCount=0,yes,pass,https://github.com/ssvlabs/ssv-network/blob/feat/exhaustive-scenario-coverage/test/e2e/clusters-eth/lq-gap.test.ts#L1123,,A-ACT-10; A-ACT-11; A-BATCH-03; A-BOUND-10; A-CHECK-02
clusters-eth,lq-gap.test.ts,Owner can self-liquidate a cluster with validatorCount=0,Owner can self-liquidate a cluster with validatorCount=0,yes,pass,https://github.com/ssvlabs/ssv-network/blob/feat/exhaustive-scenario-coverage/test/e2e/clusters-eth/lq-gap.test.ts#L1148,,A-ACT-10; A-ACT-11; A-BATCH-03; A-BOUND-10; A-CHECK-02
clusters-eth,lq-gap.test.ts,daoTotalEthVUnits and ethDaoValidatorCount decremented by 10 after liquidation,DaoTotalEthVUnits and ethDaoValidatorCount decremented by 10 after liquidation,yes,pass,https://github.com/ssvlabs/ssv-network/blob/feat/exhaustive-scenario-coverage/test/e2e/clusters-eth/lq-gap.test.ts#L1178,,A-ACT-10; A-ACT-11; A-BATCH-03; A-BOUND-10; A-CHECK-02
clusters-eth,lq-gap.test.ts,Reentrant call to reactivate() during withdraw() is blocked by nonReentrant,Reentrant call to reactivate() during withdraw() is blocked by nonReentrant,yes,pass,https://github.com/ssvlabs/ssv-network/blob/feat/exhaustive-scenario-coverage/test/e2e/clusters-eth/lq-gap.test.ts#L1222,,A-ACT-10; A-ACT-11; A-BATCH-03; A-BOUND-10; A-CHECK-02
clusters-ssv,cluster-ssv-fees.test.ts,Verifies exact SSV fee deduction after 500 blocks with 3 validators,Verifies exact SSV fee deduction after 500 blocks with 3 validators,no,pass,https://github.com/ssvlabs/ssv-network/blob/feat/exhaustive-scenario-coverage/test/e2e/clusters-ssv/cluster-ssv-fees.test.ts#L104,,A-ACT-15; A-ACT-16; A-CHECK-08
clusters-ssv,cluster-ssv-fees.test.ts,"Only updates EB snapshot on SSV cluster, no fee settlement","Only updates EB snapshot on SSV cluster, no fee settlement",no,pass,https://github.com/ssvlabs/ssv-network/blob/feat/exhaustive-scenario-coverage/test/e2e/clusters-ssv/cluster-ssv-fees.test.ts#L189,,A-ACT-15; A-ACT-16; A-CHECK-08
clusters-ssv,cluster-ssv-legacy.test.ts,Self-liquidation returns correct SSV balance after fee deduction,Self-liquidation returns correct SSV balance after fee deduction,no,pass,https://github.com/ssvlabs/ssv-network/blob/feat/exhaustive-scenario-coverage/test/e2e/clusters-ssv/cluster-ssv-legacy.test.ts#L114,,A-ACT-14; A-ACT-16; A-ACT-17; A-BOUND-11; A-BOUND-12; A-CHECK-06; A-SETUP-07; A-SSV-01
clusters-ssv,cluster-ssv-legacy.test.ts,SSV cluster with near-zero balance — self-liquidation returns 0 SSV (edge),SSV cluster with near-zero balance — self-liquidation returns 0 SSV (edge),no,pass,https://github.com/ssvlabs/ssv-network/blob/feat/exhaustive-scenario-coverage/test/e2e/clusters-ssv/cluster-ssv-legacy.test.ts#L157,,A-ACT-14; A-ACT-16; A-ACT-17; A-BOUND-11; A-BOUND-12; A-CHECK-06; A-SETUP-07; A-SSV-01
clusters-ssv,cluster-ssv-legacy.test.ts,Already liquidated SSV cluster reverts (edge),Already liquidated SSV cluster reverts (edge),no,pass,https://github.com/ssvlabs/ssv-network/blob/feat/exhaustive-scenario-coverage/test/e2e/clusters-ssv/cluster-ssv-legacy.test.ts#L179,,A-ACT-14; A-ACT-16; A-ACT-17; A-BOUND-11; A-BOUND-12; A-CHECK-06; A-SETUP-07; A-SSV-01
clusters-ssv,cluster-ssv-legacy.test.ts,ETH operations revert with IncorrectClusterVersion on SSV cluster,ETH operations revert with IncorrectClusterVersion on SSV cluster,no,pass,https://github.com/ssvlabs/ssv-network/blob/feat/exhaustive-scenario-coverage/test/e2e/clusters-ssv/cluster-ssv-legacy.test.ts#L201,,A-ACT-14; A-ACT-16; A-ACT-17; A-BOUND-11; A-BOUND-12; A-CHECK-06; A-SETUP-07; A-SSV-01
clusters-ssv,cluster-ssv-legacy.test.ts,migrateClusterToETH succeeds on SSV cluster,MigrateClusterToETH succeeds on SSV cluster,no,pass,https://github.com/ssvlabs/ssv-network/blob/feat/exhaustive-scenario-coverage/test/e2e/clusters-ssv/cluster-ssv-legacy.test.ts#L247,,A-ACT-14; A-ACT-16; A-ACT-17; A-BOUND-11; A-BOUND-12; A-CHECK-06; A-SETUP-07; A-SSV-01
cross-cutting,economics.test.ts,"conservation holds after every step (deposit, register, advance, withdraw, operator withdrawal)","Conservation holds after every step (deposit, register, advance, withdraw, operator withdrawal)",no,pass,https://github.com/ssvlabs/ssv-network/blob/feat/exhaustive-scenario-coverage/test/e2e/cross-cutting/economics.test.ts#L48,,A-CHECK-20; A-INV-01
cross-cutting,economics.test.ts,"Produces exact operator earnings, cluster balance, and DAO earnings after 100 blocks","Produces exact operator earnings, cluster balance, and DAO earnings after 100 blocks",no,pass,https://github.com/ssvlabs/ssv-network/blob/feat/exhaustive-scenario-coverage/test/e2e/cross-cutting/economics.test.ts#L139,,A-CHECK-20; A-INV-01
cross-cutting,economics.test.ts,Correctly accumulates vUnit deviations and adjusts earnings after liquidation,Correctly accumulates vUnit deviations and adjusts earnings after liquidation,no,pass,https://github.com/ssvlabs/ssv-network/blob/feat/exhaustive-scenario-coverage/test/e2e/cross-cutting/economics.test.ts#L211,,A-CHECK-20; A-INV-01
cross-cutting,full-lifecycle.test.ts,Exercises all modules through a complete system lifecycle,Exercises all modules through a complete system lifecycle,no,pass,https://github.com/ssvlabs/ssv-network/blob/feat/exhaustive-scenario-coverage/test/e2e/cross-cutting/full-lifecycle.test.ts#L52,,A-SETUP-01
cross-cutting,multi-step-flows.test.ts,"Correctly settles fees across EB update, fee change, and liquidation phases","Correctly settles fees across EB update, fee change, and liquidation phases",no,pass,https://github.com/ssvlabs/ssv-network/blob/feat/exhaustive-scenario-coverage/test/e2e/cross-cutting/multi-step-flows.test.ts#L56,,
cross-cutting,multi-step-flows.test.ts,Correctly tracks operator ETH state when two clusters register sequentially,Correctly tracks operator ETH state when two clusters register sequentially,no,pass,https://github.com/ssvlabs/ssv-network/blob/feat/exhaustive-scenario-coverage/test/e2e/cross-cutting/multi-step-flows.test.ts#L225,,
cross-cutting,multi-step-flows.test.ts,Correctly applies old fee for first half and new fee for second half,Correctly applies old fee for first half and new fee for second half,no,pass,https://github.com/ssvlabs/ssv-network/blob/feat/exhaustive-scenario-coverage/test/e2e/cross-cutting/multi-step-flows.test.ts#L316,,
cross-cutting,multi-step-flows.test.ts,Cluster becomes liquidatable when threshold increases,Cluster becomes liquidatable when threshold increases,no,pass,https://github.com/ssvlabs/ssv-network/blob/feat/exhaustive-scenario-coverage/test/e2e/cross-cutting/multi-step-flows.test.ts#L390,,
cross-cutting,staking-integration.test.ts,Correctly distributes rewards pro-rata across multiple stakers through EB changes,Correctly distributes rewards pro-rata across multiple stakers through EB changes,no,pass,https://github.com/ssvlabs/ssv-network/blob/feat/exhaustive-scenario-coverage/test/e2e/cross-cutting/staking-integration.test.ts#L48,,
cross-cutting,staking-integration.test.ts,Correctly adjusts reward rate when cluster is liquidated,Correctly adjusts reward rate when cluster is liquidated,no,pass,https://github.com/ssvlabs/ssv-network/blob/feat/exhaustive-scenario-coverage/test/e2e/cross-cutting/staking-integration.test.ts#L145,,
cross-cutting,staking-integration.test.ts,Correctly settles rewards for both parties at pre-transfer balances,Correctly settles rewards for both parties at pre-transfer balances,no,pass,https://github.com/ssvlabs/ssv-network/blob/feat/exhaustive-scenario-coverage/test/e2e/cross-cutting/staking-integration.test.ts#L245,,
cross-cutting,validator-count-invariant.test.ts,maintains ethDaoValidatorCount == Σ(active clusters) through register → liquidate → reactivate,Maintains ethDaoValidatorCount == Σ(active clusters) through register → liquidate → reactivate,no,pass,https://github.com/ssvlabs/ssv-network/blob/feat/exhaustive-scenario-coverage/test/e2e/cross-cutting/validator-count-invariant.test.ts#L75,,A-CHECK-19; A-INV-04
cross-cutting,validator-count-invariant.test.ts,prevents double-counting when operators are shared across clusters,Prevents double-counting when operators are shared across clusters,no,pass,https://github.com/ssvlabs/ssv-network/blob/feat/exhaustive-scenario-coverage/test/e2e/cross-cutting/validator-count-invariant.test.ts#L263,,A-CHECK-19; A-INV-04
cross-cutting,xf-lifecycle.test.ts,${scenarioId}: Complete lifecycle with ${numOps}-operator cluster,...: Complete lifecycle with ...-operator cluster,yes,pass,https://github.com/ssvlabs/ssv-network/blob/feat/exhaustive-scenario-coverage/test/e2e/cross-cutting/xf-lifecycle.test.ts#L184,,
cross-cutting,xf-lifecycle.test.ts,XF-007: SSV cluster with explicit EB → migrate to ETH → deviation carryover,SSV cluster with explicit EB → migrate to ETH → deviation carryover,yes,pass,https://github.com/ssvlabs/ssv-network/blob/feat/exhaustive-scenario-coverage/test/e2e/cross-cutting/xf-lifecycle.test.ts#L276,,A-SETUP-07
cross-cutting,xf-lifecycle.test.ts,XF-010: 100 validators across 10 clusters — cascade fee change,100 validators across 10 clusters — cascade fee change,yes,pass,https://github.com/ssvlabs/ssv-network/blob/feat/exhaustive-scenario-coverage/test/e2e/cross-cutting/xf-lifecycle.test.ts#L329,,
cross-cutting,xf-lifecycle.test.ts,XF-011: 100 validators across 10 clusters → cascade liquidation,100 validators across 10 clusters → cascade liquidation,yes,pass,https://github.com/ssvlabs/ssv-network/blob/feat/exhaustive-scenario-coverage/test/e2e/cross-cutting/xf-lifecycle.test.ts#L390,,
cross-cutting,xf-lifecycle.test.ts,XF-012: Time-lapse 1M blocks — deposit + withdraw + verify accounting,Time-lapse 1M blocks — deposit + withdraw + verify accounting,yes,pass,https://github.com/ssvlabs/ssv-network/blob/feat/exhaustive-scenario-coverage/test/e2e/cross-cutting/xf-lifecycle.test.ts#L430,,A-MINE-04; A-MINE-05
cross-cutting,xf-lifecycle.test.ts,"XF-013: Time-lapse 1M blocks with explicit EB (64 ETH, 13 ops) — no overflow","Time-lapse 1M blocks with explicit EB (64 ETH, 13 ops) — no overflow",yes,pass,https://github.com/ssvlabs/ssv-network/blob/feat/exhaustive-scenario-coverage/test/e2e/cross-cutting/xf-lifecycle.test.ts#L470,,
cross-cutting,xf-lifecycle.test.ts,XF-014: All operations in single block — zero fees accrue,All operations in single block — zero fees accrue,yes,pass,https://github.com/ssvlabs/ssv-network/blob/feat/exhaustive-scenario-coverage/test/e2e/cross-cutting/xf-lifecycle.test.ts#L510,,A-BATCH-01
cross-cutting,xf-lifecycle.test.ts,XF-015: Rapid-fire — all operations with 1 block between each,Rapid-fire — all operations with 1 block between each,yes,pass,https://github.com/ssvlabs/ssv-network/blob/feat/exhaustive-scenario-coverage/test/e2e/cross-cutting/xf-lifecycle.test.ts#L563,,
cross-cutting,xf-lifecycle.test.ts,XF-016: Two EB updates for different clusters in same block,Two EB updates for different clusters in same block,yes,pass,https://github.com/ssvlabs/ssv-network/blob/feat/exhaustive-scenario-coverage/test/e2e/cross-cutting/xf-lifecycle.test.ts#L617,,A-ACT-12; A-BATCH-01
cross-cutting,xf-lifecycle.test.ts,XF-020: DAO increases minimumLiquidationCollateral → withdraw that was safe now reverts,DAO increases minimumLiquidationCollateral → withdraw that was safe now reverts,yes,pass,https://github.com/ssvlabs/ssv-network/blob/feat/exhaustive-scenario-coverage/test/e2e/cross-cutting/xf-lifecycle.test.ts#L676,,A-ACT-40; A-ACT-41; A-ACT-42
cross-cutting,xf-lifecycle.test.ts,XF-034: DAO updateMaximumOperatorFee → executeOperatorFee reverts FeeTooHigh,DAO updateMaximumOperatorFee → executeOperatorFee reverts FeeTooHigh,yes,pass,https://github.com/ssvlabs/ssv-network/blob/feat/exhaustive-scenario-coverage/test/e2e/cross-cutting/xf-lifecycle.test.ts#L699,,A-ACT-27; A-BOUND-04
cross-cutting,xf-lifecycle.test.ts,XF-044: DAO updateMinimumOperatorEthFee → reduceOperatorFee to below-min reverts FeeTooLow,DAO updateMinimumOperatorEthFee → reduceOperatorFee to below-min reverts FeeTooLow,yes,pass,https://github.com/ssvlabs/ssv-network/blob/feat/exhaustive-scenario-coverage/test/e2e/cross-cutting/xf-lifecycle.test.ts#L731,,A-BOUND-06
cross-cutting,xf-lifecycle.test.ts,XF-049: DAO changes all parameters simultaneously — no cross-contamination,DAO changes all parameters simultaneously — no cross-contamination,yes,pass,https://github.com/ssvlabs/ssv-network/blob/feat/exhaustive-scenario-coverage/test/e2e/cross-cutting/xf-lifecycle.test.ts#L755,,
cross-cutting,xf-lifecycle.test.ts,"XF-054: DAO updateUnstakeCooldownDuration → existing request uses old, new request uses new","DAO updateUnstakeCooldownDuration → existing request uses old, new request uses new",yes,pass,https://github.com/ssvlabs/ssv-network/blob/feat/exhaustive-scenario-coverage/test/e2e/cross-cutting/xf-lifecycle.test.ts#L782,,
cross-cutting,xf-lifecycle.test.ts,XF-055: DAO updateQuorumBps → previously-stuck root now commits,DAO updateQuorumBps → previously-stuck root now commits,yes,pass,https://github.com/ssvlabs/ssv-network/blob/feat/exhaustive-scenario-coverage/test/e2e/cross-cutting/xf-lifecycle.test.ts#L833,,A-SETUP-03
cross-cutting,xf-lifecycle.test.ts,XF-022: Operator fee reduction → cluster gets cheaper → previously-failing withdraw succeeds,Operator fee reduction → cluster gets cheaper → previously-failing withdraw succeeds,yes,pass,https://github.com/ssvlabs/ssv-network/blob/feat/exhaustive-scenario-coverage/test/e2e/cross-cutting/xf-lifecycle.test.ts#L864,,
cross-cutting,xf-lifecycle.test.ts,XF-041: Fee settlement uses OLD vUnits before applying new deviation,Fee settlement uses OLD vUnits before applying new deviation,yes,pass,https://github.com/ssvlabs/ssv-network/blob/feat/exhaustive-scenario-coverage/test/e2e/cross-cutting/xf-lifecycle.test.ts#L896,,
cross-cutting,xf-lifecycle.test.ts,XF-042: Register validator into explicit-EB cluster → vUnits increase by baseline only,Register validator into explicit-EB cluster → vUnits increase by baseline only,yes,pass,https://github.com/ssvlabs/ssv-network/blob/feat/exhaustive-scenario-coverage/test/e2e/cross-cutting/xf-lifecycle.test.ts#L961,,
cross-cutting,xf-lifecycle.test.ts,XF-023: Operator removed mid-lifecycle → burn rate drops + earnings payout,Operator removed mid-lifecycle → burn rate drops + earnings payout,yes,pass,https://github.com/ssvlabs/ssv-network/blob/feat/exhaustive-scenario-coverage/test/e2e/cross-cutting/xf-lifecycle.test.ts#L1007,,
cross-cutting,xf-lifecycle.test.ts,XF-024: Operator removed → EB update → operatorEthVUnits[removedOp] == 0 (BUG verification),Operator removed → EB update → operatorEthVUnits[removedOp] == 0 (BUG verification),yes,pass,https://github.com/ssvlabs/ssv-network/blob/feat/exhaustive-scenario-coverage/test/e2e/cross-cutting/xf-lifecycle.test.ts#L1068,,
cross-cutting,xf-lifecycle.test.ts,XF-036: 2 ops removed + EB update → deviation only applied to 2 remaining (BUG verification),2 ops removed + EB update → deviation only applied to 2 remaining (BUG verification),yes,pass,https://github.com/ssvlabs/ssv-network/blob/feat/exhaustive-scenario-coverage/test/e2e/cross-cutting/xf-lifecycle.test.ts#L1108,,
cross-cutting,xf-lifecycle.test.ts,XF-050: Operator removed → 1000 blocks → deposit → withdraw → zero burn from removed op,Operator removed → 1000 blocks → deposit → withdraw → zero burn from removed op,yes,pass,https://github.com/ssvlabs/ssv-network/blob/feat/exhaustive-scenario-coverage/test/e2e/cross-cutting/xf-lifecycle.test.ts#L1151,,
cross-cutting,xf-lifecycle.test.ts,XF-025: Bulk 50 validators → EB → remove 25 → EB → vUnits halved,Bulk 50 validators → EB → remove 25 → EB → vUnits halved,yes,pass,https://github.com/ssvlabs/ssv-network/blob/feat/exhaustive-scenario-coverage/test/e2e/cross-cutting/xf-lifecycle.test.ts#L1217,,
cross-cutting,xf-lifecycle.test.ts,XF-037: Validator removal cleans up deviation when cluster becomes empty,Validator removal cleans up deviation when cluster becomes empty,yes,pass,https://github.com/ssvlabs/ssv-network/blob/feat/exhaustive-scenario-coverage/test/e2e/cross-cutting/xf-lifecycle.test.ts#L1296,,
cross-cutting,xf-lifecycle.test.ts,XF-039: Two clusters shared ops → concurrent EB updates → operator vUnit stacking,Two clusters shared ops → concurrent EB updates → operator vUnit stacking,yes,pass,https://github.com/ssvlabs/ssv-network/blob/feat/exhaustive-scenario-coverage/test/e2e/cross-cutting/xf-lifecycle.test.ts#L1349,,
cross-cutting,xf-lifecycle.test.ts,XF-045: EB update + auto-liquidation → no double deviation subtraction,EB update + auto-liquidation → no double deviation subtraction,yes,pass,https://github.com/ssvlabs/ssv-network/blob/feat/exhaustive-scenario-coverage/test/e2e/cross-cutting/xf-lifecycle.test.ts#L1406,,
cross-cutting,xf-lifecycle.test.ts,XF-048: Reactivate cluster with explicit EB → deviation restored to operators and DAO,Reactivate cluster with explicit EB → deviation restored to operators and DAO,yes,pass,https://github.com/ssvlabs/ssv-network/blob/feat/exhaustive-scenario-coverage/test/e2e/cross-cutting/xf-lifecycle.test.ts#L1474,,
cross-cutting,xf-lifecycle.test.ts,XF-046: Multi-cluster cascade — remove all validators from 3 clusters sharing operators,Multi-cluster cascade — remove all validators from 3 clusters sharing operators,yes,pass,https://github.com/ssvlabs/ssv-network/blob/feat/exhaustive-scenario-coverage/test/e2e/cross-cutting/xf-lifecycle.test.ts#L1531,,
cross-cutting,xf-lifecycle.test.ts,XF-056: All stakers exit → cSSV supply zero → commitRoot reverts ZeroCSSVSupply,All stakers exit → cSSV supply zero → commitRoot reverts ZeroCSSVSupply,yes,pass,https://github.com/ssvlabs/ssv-network/blob/feat/exhaustive-scenario-coverage/test/e2e/cross-cutting/xf-lifecycle.test.ts#L1617,,A-CHECK-15; A-INV-02
cross-cutting,xf-lifecycle.test.ts,XF-060: Full protocol bootstrap — corrected ordering,Full protocol bootstrap — corrected ordering,yes,pass,https://github.com/ssvlabs/ssv-network/blob/feat/exhaustive-scenario-coverage/test/e2e/cross-cutting/xf-lifecycle.test.ts#L1653,,A-SETUP-01
cross-cutting,xf-lifecycle.test.ts,XF-033: replaceOracle → old oracle fails → new oracle succeeds → EB update valid,ReplaceOracle → old oracle fails → new oracle succeeds → EB update valid,yes,pass,https://github.com/ssvlabs/ssv-network/blob/feat/exhaustive-scenario-coverage/test/e2e/cross-cutting/xf-lifecycle.test.ts#L1734,,A-SETUP-03
cross-cutting,xf-lifecycle.test.ts,XF-058: Mid-round oracle governance → updateClusterBalance fails,Mid-round oracle governance → updateClusterBalance fails,yes,pass,https://github.com/ssvlabs/ssv-network/blob/feat/exhaustive-scenario-coverage/test/e2e/cross-cutting/xf-lifecycle.test.ts#L1777,,
cross-cutting,xf-lifecycle.test.ts,XF-035: Private operators → whitelist lifecycle → non-whitelisted user revert,Private operators → whitelist lifecycle → non-whitelisted user revert,yes,pass,https://github.com/ssvlabs/ssv-network/blob/feat/exhaustive-scenario-coverage/test/e2e/cross-cutting/xf-lifecycle.test.ts#L1821,,A-ACT-30
cross-cutting,xf-lifecycle.test.ts,XF-057: Whitelist module end-to-end on live cluster,Whitelist module end-to-end on live cluster,yes,pass,https://github.com/ssvlabs/ssv-network/blob/feat/exhaustive-scenario-coverage/test/e2e/cross-cutting/xf-lifecycle.test.ts#L1855,,
cross-cutting,xf-lifecycle.test.ts,XF-059: SSVViews consistency after mutation chain,SSVViews consistency after mutation chain,yes,pass,https://github.com/ssvlabs/ssv-network/blob/feat/exhaustive-scenario-coverage/test/e2e/cross-cutting/xf-lifecycle.test.ts#L1904,,
cross-cutting,xf-lifecycle.test.ts,XF-052: Bulk register 100 validators → EB update → verify accounting,Bulk register 100 validators → EB update → verify accounting,yes,pass,https://github.com/ssvlabs/ssv-network/blob/feat/exhaustive-scenario-coverage/test/e2e/cross-cutting/xf-lifecycle.test.ts#L1984,,
cross-cutting,xg-migration-staking.test.ts,XG-001: Stake -> migrate SSV cluster -> syncFees -> claimEthRewards (happy path),Stake -> migrate SSV cluster -> syncFees -> claimEthRewards (happy path),yes,pass,https://github.com/ssvlabs/ssv-network/blob/feat/exhaustive-scenario-coverage/test/e2e/cross-cutting/xg-migration-staking.test.ts#L293,,A-SETUP-07; A-SYNC-01
cross-cutting,xg-migration-staking.test.ts,XG-002: Migrate -> stake -> advance -> syncFees -> claim (staker enters AFTER migration),Migrate -> stake -> advance -> syncFees -> claim (staker enters AFTER migration),yes,pass,https://github.com/ssvlabs/ssv-network/blob/feat/exhaustive-scenario-coverage/test/e2e/cross-cutting/xg-migration-staking.test.ts#L331,,
cross-cutting,xg-migration-staking.test.ts,XG-003: Two stakers (pre/post migration) -> migrate -> syncFees -> both claim proportional share,Two stakers (pre/post migration) -> migrate -> syncFees -> both claim proportional share,yes,pass,https://github.com/ssvlabs/ssv-network/blob/feat/exhaustive-scenario-coverage/test/e2e/cross-cutting/xg-migration-staking.test.ts#L361,,
cross-cutting,xg-migration-staking.test.ts,XG-004: Migrate -> updateClusterBalance (explicit EB > baseline) -> syncFees -> claim,Migrate -> updateClusterBalance (explicit EB > baseline) -> syncFees -> claim,yes,pass,https://github.com/ssvlabs/ssv-network/blob/feat/exhaustive-scenario-coverage/test/e2e/cross-cutting/xg-migration-staking.test.ts#L401,,
cross-cutting,xg-migration-staking.test.ts,XG-005: Explicit EB set on SSV cluster before migration -> carries deviation into daoTotalEthVUnits,Explicit EB set on SSV cluster before migration -> carries deviation into daoTotalEthVUnits,yes,pass,https://github.com/ssvlabs/ssv-network/blob/feat/exhaustive-scenario-coverage/test/e2e/cross-cutting/xg-migration-staking.test.ts#L443,,
cross-cutting,xg-migration-staking.test.ts,XG-006: Migrate -> network fee change -> syncFees -> claim (both fee rate periods),Migrate -> network fee change -> syncFees -> claim (both fee rate periods),yes,pass,https://github.com/ssvlabs/ssv-network/blob/feat/exhaustive-scenario-coverage/test/e2e/cross-cutting/xg-migration-staking.test.ts#L475,,
cross-cutting,xg-migration-staking.test.ts,XG-007: Migrate -> liquidate -> syncFees -> claim (frozen rewards),Migrate -> liquidate -> syncFees -> claim (frozen rewards),yes,pass,https://github.com/ssvlabs/ssv-network/blob/feat/exhaustive-scenario-coverage/test/e2e/cross-cutting/xg-migration-staking.test.ts#L513,,
cross-cutting,xg-migration-staking.test.ts,XG-008: Multiple stakers + migrate + liquidate -> proportional distribution,Multiple stakers + migrate + liquidate -> proportional distribution,yes,pass,https://github.com/ssvlabs/ssv-network/blob/feat/exhaustive-scenario-coverage/test/e2e/cross-cutting/xg-migration-staking.test.ts#L560,,
cross-cutting,xg-migration-staking.test.ts,XG-009: Migrate -> liquidate -> reactivate -> syncFees -> claim full lifecycle,Migrate -> liquidate -> reactivate -> syncFees -> claim full lifecycle,yes,pass,https://github.com/ssvlabs/ssv-network/blob/feat/exhaustive-scenario-coverage/test/e2e/cross-cutting/xg-migration-staking.test.ts#L608,,
cross-cutting,xg-migration-staking.test.ts,XG-010: Stake -> migrate -> requestUnstake (partial) -> syncFees -> claim,Stake -> migrate -> requestUnstake (partial) -> syncFees -> claim,yes,pass,https://github.com/ssvlabs/ssv-network/blob/feat/exhaustive-scenario-coverage/test/e2e/cross-cutting/xg-migration-staking.test.ts#L663,,
cross-cutting,xg-migration-staking.test.ts,XG-011: Full unstake (BUG-6) -> fees generated during zero-supply period are lost,Full unstake (BUG-6) -> fees generated during zero-supply period are lost,yes,pass,https://github.com/ssvlabs/ssv-network/blob/feat/exhaustive-scenario-coverage/test/e2e/cross-cutting/xg-migration-staking.test.ts#L691,,
cross-cutting,xg-migration-staking.test.ts,XG-012: Migrate with removed operator -> syncFees -> claim (burn rate vs reward rate divergence),Migrate with removed operator -> syncFees -> claim (burn rate vs reward rate divergence),yes,pass,https://github.com/ssvlabs/ssv-network/blob/feat/exhaustive-scenario-coverage/test/e2e/cross-cutting/xg-migration-staking.test.ts#L743,,
cross-cutting,xg-migration-staking.test.ts,XG-013: Migrate with removed op + explicit EB -> stranded deviation inflates daoTotalEthVUnits,Migrate with removed op + explicit EB -> stranded deviation inflates daoTotalEthVUnits,yes,pass,https://github.com/ssvlabs/ssv-network/blob/feat/exhaustive-scenario-coverage/test/e2e/cross-cutting/xg-migration-staking.test.ts#L772,,
cross-cutting,xg-migration-staking.test.ts,XG-014: Migrate multiple clusters in sequence -> syncFees -> claim,Migrate multiple clusters in sequence -> syncFees -> claim,yes,pass,https://github.com/ssvlabs/ssv-network/blob/feat/exhaustive-scenario-coverage/test/e2e/cross-cutting/xg-migration-staking.test.ts#L817,,
cross-cutting,xg-migration-staking.test.ts,XG-015: Migrate multiple clusters (shared operators) -> one liquidated -> reward rate drops,Migrate multiple clusters (shared operators) -> one liquidated -> reward rate drops,yes,pass,https://github.com/ssvlabs/ssv-network/blob/feat/exhaustive-scenario-coverage/test/e2e/cross-cutting/xg-migration-staking.test.ts#L887,,
cross-cutting,xg-migration-staking.test.ts,XG-016: Large staking event -> small cluster liquidation -> precision check,Large staking event -> small cluster liquidation -> precision check,yes,pass,https://github.com/ssvlabs/ssv-network/blob/feat/exhaustive-scenario-coverage/test/e2e/cross-cutting/xg-migration-staking.test.ts#L962,,
cross-cutting,xg-migration-staking.test.ts,XG-017: Migrate liquidated SSV cluster -> syncFees -> claim (reactivation path),Migrate liquidated SSV cluster -> syncFees -> claim (reactivation path),yes,pass,https://github.com/ssvlabs/ssv-network/blob/feat/exhaustive-scenario-coverage/test/e2e/cross-cutting/xg-migration-staking.test.ts#L1007,,
cross-cutting,xg-migration-staking.test.ts,XG-018: Migrate -> EB update triggers auto-liquidation -> staker rewards stop,Migrate -> EB update triggers auto-liquidation -> staker rewards stop,yes,pass,https://github.com/ssvlabs/ssv-network/blob/feat/exhaustive-scenario-coverage/test/e2e/cross-cutting/xg-migration-staking.test.ts#L1062,,
cross-cutting,xg-migration-staking.test.ts,XG-019: syncFees sandwich: sync -> migrate -> sync -> claim (index recalculation),SyncFees sandwich: sync -> migrate -> sync -> claim (index recalculation),yes,pass,https://github.com/ssvlabs/ssv-network/blob/feat/exhaustive-scenario-coverage/test/e2e/cross-cutting/xg-migration-staking.test.ts#L1100,,
cross-cutting,xg-migration-staking.test.ts,XG-020: Migrate -> removeOperator from migrated cluster -> syncFees -> claim,Migrate -> removeOperator from migrated cluster -> syncFees -> claim,yes,pass,https://github.com/ssvlabs/ssv-network/blob/feat/exhaustive-scenario-coverage/test/e2e/cross-cutting/xg-migration-staking.test.ts#L1137,,
cross-cutting,xg-migration-staking.test.ts,XG-021: Migrate -> deposit ETH -> syncFees -> claim (deposit does not change fee accrual),Migrate -> deposit ETH -> syncFees -> claim (deposit does not change fee accrual),yes,pass,https://github.com/ssvlabs/ssv-network/blob/feat/exhaustive-scenario-coverage/test/e2e/cross-cutting/xg-migration-staking.test.ts#L1168,,
cross-cutting,xg-migration-staking.test.ts,XG-022: Migrate -> withdraw ETH -> cluster near liquidation -> syncFees -> claim,Migrate -> withdraw ETH -> cluster near liquidation -> syncFees -> claim,yes,pass,https://github.com/ssvlabs/ssv-network/blob/feat/exhaustive-scenario-coverage/test/e2e/cross-cutting/xg-migration-staking.test.ts#L1202,,
cross-cutting,xg-migration-staking.test.ts,XG-023: Migrate -> cSSV transfer between stakers -> syncFees -> both claim,Migrate -> cSSV transfer between stakers -> syncFees -> both claim,yes,pass,https://github.com/ssvlabs/ssv-network/blob/feat/exhaustive-scenario-coverage/test/e2e/cross-cutting/xg-migration-staking.test.ts#L1233,,A-ACT-37
cross-cutting,xg-migration-staking.test.ts,XG-024: SSV-only cluster fees -> migrate -> staker claims ETH rewards from post-migration only,SSV-only cluster fees -> migrate -> staker claims ETH rewards from post-migration only,yes,pass,https://github.com/ssvlabs/ssv-network/blob/feat/exhaustive-scenario-coverage/test/e2e/cross-cutting/xg-migration-staking.test.ts#L1272,,
cross-cutting,xg-migration-staking.test.ts,XG-025: Mixed SSV and ETH clusters -> migrate SSV cluster -> syncFees -> claim,Mixed SSV and ETH clusters -> migrate SSV cluster -> syncFees -> claim,yes,pass,https://github.com/ssvlabs/ssv-network/blob/feat/exhaustive-scenario-coverage/test/e2e/cross-cutting/xg-migration-staking.test.ts#L1302,,
cross-cutting,xg-migration-staking.test.ts,XG-026: Migrate -> network fee set to zero -> syncFees -> claim (rewards freeze),Migrate -> network fee set to zero -> syncFees -> claim (rewards freeze),yes,pass,https://github.com/ssvlabs/ssv-network/blob/feat/exhaustive-scenario-coverage/test/e2e/cross-cutting/xg-migration-staking.test.ts#L1330,,A-ACT-40; A-BOUND-19
cross-cutting,xg-migration-staking.test.ts,XG-027: Migrate cluster with 0 validators -> syncFees -> claim (no fee contribution),Migrate cluster with 0 validators -> syncFees -> claim (no fee contribution),yes,pass,https://github.com/ssvlabs/ssv-network/blob/feat/exhaustive-scenario-coverage/test/e2e/cross-cutting/xg-migration-staking.test.ts#L1364,,
cross-cutting,xg-migration-staking.test.ts,XG-028: Two-phase EB change — reward rate up then down,Two-phase EB change — reward rate up then down,yes,pass,https://github.com/ssvlabs/ssv-network/blob/feat/exhaustive-scenario-coverage/test/e2e/cross-cutting/xg-migration-staking.test.ts#L1421,,
cross-cutting,xg-migration-staking.test.ts,"XG-029: Migrate -> EB update to MAX (2048 ETH) -> syncFees -> claim (max vUnits, no overflow)","Migrate -> EB update to MAX (2048 ETH) -> syncFees -> claim (max vUnits, no overflow)",yes,pass,https://github.com/ssvlabs/ssv-network/blob/feat/exhaustive-scenario-coverage/test/e2e/cross-cutting/xg-migration-staking.test.ts#L1467,,
cross-cutting,xg-migration-staking.test.ts,XG-030: Migrate -> ethDaoBalance -> claimEthRewards double-guard (pool + DAO balance),Migrate -> ethDaoBalance -> claimEthRewards double-guard (pool + DAO balance),yes,pass,https://github.com/ssvlabs/ssv-network/blob/feat/exhaustive-scenario-coverage/test/e2e/cross-cutting/xg-migration-staking.test.ts#L1502,,
cross-cutting,xg-migration-staking.test.ts,XG-031: Migrate -> operator fee change -> syncFees -> claim (staker reward unaffected by op fee),Migrate -> operator fee change -> syncFees -> claim (staker reward unaffected by op fee),yes,pass,https://github.com/ssvlabs/ssv-network/blob/feat/exhaustive-scenario-coverage/test/e2e/cross-cutting/xg-migration-staking.test.ts#L1530,,
cross-cutting,xg-migration-staking.test.ts,XG-032: Migrate -> liquidate (ETH to liquidator) -> verify staking pool not affected,Migrate -> liquidate (ETH to liquidator) -> verify staking pool not affected,yes,pass,https://github.com/ssvlabs/ssv-network/blob/feat/exhaustive-scenario-coverage/test/e2e/cross-cutting/xg-migration-staking.test.ts#L1563,,
cross-cutting,xg-migration-staking.test.ts,XG-033: Migration + staking in same block -> no double-counting or zero-division,Migration + staking in same block -> no double-counting or zero-division,yes,pass,https://github.com/ssvlabs/ssv-network/blob/feat/exhaustive-scenario-coverage/test/e2e/cross-cutting/xg-migration-staking.test.ts#L1600,,
cross-cutting,xg-migration-staking.test.ts,XG-034: Migrate -> liquidate -> all validators removed -> syncFees with daoTotalEthVUnits = 0,Migrate -> liquidate -> all validators removed -> syncFees with daoTotalEthVUnits = 0,yes,pass,https://github.com/ssvlabs/ssv-network/blob/feat/exhaustive-scenario-coverage/test/e2e/cross-cutting/xg-migration-staking.test.ts#L1623,,
cross-cutting,xg-migration-staking.test.ts,XG-035: Explicit EB -> liquidate -> deviation removed from daoTotalEthVUnits,Explicit EB -> liquidate -> deviation removed from daoTotalEthVUnits,yes,pass,https://github.com/ssvlabs/ssv-network/blob/feat/exhaustive-scenario-coverage/test/e2e/cross-cutting/xg-migration-staking.test.ts#L1664,,
cross-cutting,xg-migration-staking.test.ts,XG-036: Explicit EB -> liquidate -> reactivate -> deviation restored,Explicit EB -> liquidate -> reactivate -> deviation restored,yes,pass,https://github.com/ssvlabs/ssv-network/blob/feat/exhaustive-scenario-coverage/test/e2e/cross-cutting/xg-migration-staking.test.ts#L1705,,
cross-cutting,xg-migration-staking.test.ts,XG-037: Migrate -> fee change -> removeOperator -> migrate second cluster -> syncFees -> claim,Migrate -> fee change -> removeOperator -> migrate second cluster -> syncFees -> claim,yes,pass,https://github.com/ssvlabs/ssv-network/blob/feat/exhaustive-scenario-coverage/test/e2e/cross-cutting/xg-migration-staking.test.ts#L1756,,
cross-cutting,xg-migration-staking.test.ts,XG-038: Stake -> migrate -> advance 10000 blocks -> syncFees -> claim -> verify ETH_DEDUCTED_DIGITS truncation,Stake -> migrate -> advance 10000 blocks -> syncFees -> claim -> verify ETH_DEDUCTED_DIGITS truncation,yes,pass,https://github.com/ssvlabs/ssv-network/blob/feat/exhaustive-scenario-coverage/test/e2e/cross-cutting/xg-migration-staking.test.ts#L1817,,A-PREC-01
cross-cutting,xg-migration-staking.test.ts,XG-039: claimEthRewards exceeds stakingEthPoolBalance -> revert InsufficientBalance,ClaimEthRewards exceeds stakingEthPoolBalance -> revert InsufficientBalance,yes,pass,https://github.com/ssvlabs/ssv-network/blob/feat/exhaustive-scenario-coverage/test/e2e/cross-cutting/xg-migration-staking.test.ts#L1844,,
cross-cutting,xg-migration-staking.test.ts,"XG-045: Double migration prevention + staking: re-migrate reverts, staker unaffected","Double migration prevention + staking: re-migrate reverts, staker unaffected",yes,pass,https://github.com/ssvlabs/ssv-network/blob/feat/exhaustive-scenario-coverage/test/e2e/cross-cutting/xg-migration-staking.test.ts#L1880,,A-BOUND-15
cross-cutting,xg-migration-staking.test.ts,XG-048: Migrate -> claim dust -> NothingToClaim revert (remainder preserved),Migrate -> claim dust -> NothingToClaim revert (remainder preserved),yes,pass,https://github.com/ssvlabs/ssv-network/blob/feat/exhaustive-scenario-coverage/test/e2e/cross-cutting/xg-migration-staking.test.ts#L1915,,
cross-cutting,xg-migration-staking.test.ts,XG-040: Migrate -> syncFees with totalStaked == 0 -> fees from migrated cluster lost (BUG-6),Migrate -> syncFees with totalStaked == 0 -> fees from migrated cluster lost (BUG-6),yes,pass,https://github.com/ssvlabs/ssv-network/blob/feat/exhaustive-scenario-coverage/test/e2e/cross-cutting/xg-migration-staking.test.ts#L1948,,
cross-cutting,xg-migration-staking.test.ts,XG-041: Migrate cluster A (implicit EB) + cluster B (explicit EB) -> syncFees -> claim,Migrate cluster A (implicit EB) + cluster B (explicit EB) -> syncFees -> claim,yes,pass,https://github.com/ssvlabs/ssv-network/blob/feat/exhaustive-scenario-coverage/test/e2e/cross-cutting/xg-migration-staking.test.ts#L1980,,
cross-cutting,xg-migration-staking.test.ts,XG-042: Migrate -> EB update -> operator removed -> liquidate -> verify accounting,Migrate -> EB update -> operator removed -> liquidate -> verify accounting,yes,pass,https://github.com/ssvlabs/ssv-network/blob/feat/exhaustive-scenario-coverage/test/e2e/cross-cutting/xg-migration-staking.test.ts#L2024,,
cross-cutting,xg-migration-staking.test.ts,XG-043: Migrate with 13 operators -> syncFees -> claim (no truncation/overflow),Migrate with 13 operators -> syncFees -> claim (no truncation/overflow),yes,pass,https://github.com/ssvlabs/ssv-network/blob/feat/exhaustive-scenario-coverage/test/e2e/cross-cutting/xg-migration-staking.test.ts#L2071,,
cross-cutting,xg-migration-staking.test.ts,XG-044: Stake -> migrate -> requestUnstake (full) -> liquidate -> withdrawUnlocked -> no cross-contamination,Stake -> migrate -> requestUnstake (full) -> liquidate -> withdrawUnlocked -> no cross-contamination,yes,pass,https://github.com/ssvlabs/ssv-network/blob/feat/exhaustive-scenario-coverage/test/e2e/cross-cutting/xg-migration-staking.test.ts#L2099,,
cross-cutting,xg-migration-staking.test.ts,XG-046: Migrate -> ethDaoBalance updated -> syncFees reads networkTotalEarnings -> no double-counting,Migrate -> ethDaoBalance updated -> syncFees reads networkTotalEarnings -> no double-counting,yes,pass,https://github.com/ssvlabs/ssv-network/blob/feat/exhaustive-scenario-coverage/test/e2e/cross-cutting/xg-migration-staking.test.ts#L2144,,
cross-cutting,xg-migration-staking.test.ts,XG-047: Large validator count + explicit high EB -> syncFees -> claim (overflow boundary check),Large validator count + explicit high EB -> syncFees -> claim (overflow boundary check),yes,pass,https://github.com/ssvlabs/ssv-network/blob/feat/exhaustive-scenario-coverage/test/e2e/cross-cutting/xg-migration-staking.test.ts#L2183,,
cross-cutting,xg-migration-staking.test.ts,XG-049: SSV cluster liquidated -> migrate (reactivation) -> staker gets only post-migration ETH fees,SSV cluster liquidated -> migrate (reactivation) -> staker gets only post-migration ETH fees,yes,pass,https://github.com/ssvlabs/ssv-network/blob/feat/exhaustive-scenario-coverage/test/e2e/cross-cutting/xg-migration-staking.test.ts#L2225,,
cross-cutting,xg-migration-staking.test.ts,XG-050: Migrate -> syncFees -> claimEthRewards -> verify packed ETH arithmetic consistency,Migrate -> syncFees -> claimEthRewards -> verify packed ETH arithmetic consistency,yes,pass,https://github.com/ssvlabs/ssv-network/blob/feat/exhaustive-scenario-coverage/test/e2e/cross-cutting/xg-migration-staking.test.ts#L2285,,A-SETUP-07; A-SYNC-01
cross-cutting,xl-lq-chains.test.ts,"XL-001: 4-op full cycle — EB 32→48, liquidate, reactivate, EB 48→64","4-op full cycle — EB 32→48, liquidate, reactivate, EB 48→64",yes,pass,https://github.com/ssvlabs/ssv-network/blob/feat/exhaustive-scenario-coverage/test/e2e/cross-cutting/xl-lq-chains.test.ts#L206,,
cross-cutting,xl-lq-chains.test.ts,"XL-002: 7-op full cycle — EB 32→48, liquidate, reactivate, EB 48→64","7-op full cycle — EB 32→48, liquidate, reactivate, EB 48→64",yes,pass,https://github.com/ssvlabs/ssv-network/blob/feat/exhaustive-scenario-coverage/test/e2e/cross-cutting/xl-lq-chains.test.ts#L241,,
cross-cutting,xl-lq-chains.test.ts,"XL-003: full cycle with EB decrease on second update — 32→64, liq, react, 64→48","Full cycle with EB decrease on second update — 32→64, liq, react, 64→48",yes,pass,https://github.com/ssvlabs/ssv-network/blob/feat/exhaustive-scenario-coverage/test/e2e/cross-cutting/xl-lq-chains.test.ts#L264,,
cross-cutting,xl-lq-chains.test.ts,XL-004: full cycle with implicit EB (no explicit EB update),Full cycle with implicit EB (no explicit EB update),yes,pass,https://github.com/ssvlabs/ssv-network/blob/feat/exhaustive-scenario-coverage/test/e2e/cross-cutting/xl-lq-chains.test.ts#L283,,
cross-cutting,xl-lq-chains.test.ts,"XL-005: DAO invariant across full cycle — EB 32→48, liq, react, 48→64","DAO invariant across full cycle — EB 32→48, liq, react, 48→64",yes,pass,https://github.com/ssvlabs/ssv-network/blob/feat/exhaustive-scenario-coverage/test/e2e/cross-cutting/xl-lq-chains.test.ts#L300,,
cross-cutting,xl-lq-chains.test.ts,"XL-006: self-liquidation mid-cycle, reactivate","Self-liquidation mid-cycle, reactivate",yes,pass,https://github.com/ssvlabs/ssv-network/blob/feat/exhaustive-scenario-coverage/test/e2e/cross-cutting/xl-lq-chains.test.ts#L324,,
cross-cutting,xl-lq-chains.test.ts,XL-007: deposit between reactivation and second EB update,Deposit between reactivation and second EB update,yes,pass,https://github.com/ssvlabs/ssv-network/blob/feat/exhaustive-scenario-coverage/test/e2e/cross-cutting/xl-lq-chains.test.ts#L345,,
cross-cutting,xl-lq-chains.test.ts,XL-008: deposit on liquidated cluster before reactivation,Deposit on liquidated cluster before reactivation,yes,pass,https://github.com/ssvlabs/ssv-network/blob/feat/exhaustive-scenario-coverage/test/e2e/cross-cutting/xl-lq-chains.test.ts#L366,,
cross-cutting,xl-lq-chains.test.ts,"XL-009: auto-liquidation from EB increase, then reactivate","Auto-liquidation from EB increase, then reactivate",yes,pass,https://github.com/ssvlabs/ssv-network/blob/feat/exhaustive-scenario-coverage/test/e2e/cross-cutting/xl-lq-chains.test.ts#L386,,A-ACT-12
cross-cutting,xl-lq-chains.test.ts,"XL-010: auto-liquidation, reactivate, second EB update","Auto-liquidation, reactivate, second EB update",yes,pass,https://github.com/ssvlabs/ssv-network/blob/feat/exhaustive-scenario-coverage/test/e2e/cross-cutting/xl-lq-chains.test.ts#L420,,
cross-cutting,xl-lq-chains.test.ts,XL-011: EB update → remove op4 → liquidate (THE BUG PATH — Panic 0x11),EB update → remove op4 → liquidate (THE BUG PATH — Panic 0x11),yes,pass,https://github.com/ssvlabs/ssv-network/blob/feat/exhaustive-scenario-coverage/test/e2e/cross-cutting/xl-lq-chains.test.ts#L459,,
cross-cutting,xl-lq-chains.test.ts,XL-012: EB 32→48 → remove op4 → EB 48→64 → liquidate (Panic — compounding mismatch),EB 32→48 → remove op4 → EB 48→64 → liquidate (Panic — compounding mismatch),yes,pass,https://github.com/ssvlabs/ssv-network/blob/feat/exhaustive-scenario-coverage/test/e2e/cross-cutting/xl-lq-chains.test.ts#L487,,
cross-cutting,xl-lq-chains.test.ts,XL-013: EB update → remove op4 → auto-liq from EB 128 — Panic 0x11,EB update → remove op4 → auto-liq from EB 128 — Panic 0x11,yes,pass,https://github.com/ssvlabs/ssv-network/blob/feat/exhaustive-scenario-coverage/test/e2e/cross-cutting/xl-lq-chains.test.ts#L519,,
cross-cutting,xl-lq-chains.test.ts,XL-014: EB update → remove op3 + op4 → liquidate (Panic 0x11 — two dead ops),EB update → remove op3 + op4 → liquidate (Panic 0x11 — two dead ops),yes,pass,https://github.com/ssvlabs/ssv-network/blob/feat/exhaustive-scenario-coverage/test/e2e/cross-cutting/xl-lq-chains.test.ts#L556,,
cross-cutting,xl-lq-chains.test.ts,"XL-015: remove op4 BEFORE EB update → EB writes to dead op, liquidation subtracts cleanly","Remove op4 BEFORE EB update → EB writes to dead op, liquidation subtracts cleanly",yes,pass,https://github.com/ssvlabs/ssv-network/blob/feat/exhaustive-scenario-coverage/test/e2e/cross-cutting/xl-lq-chains.test.ts#L584,,
cross-cutting,xl-lq-chains.test.ts,XL-016: EB 32→48 → remove op4 → EB 48→32 (decrease) → Panic in _updateOperatorVUnits,EB 32→48 → remove op4 → EB 48→32 (decrease) → Panic in _updateOperatorVUnits,yes,pass,https://github.com/ssvlabs/ssv-network/blob/feat/exhaustive-scenario-coverage/test/e2e/cross-cutting/xl-lq-chains.test.ts#L608,,
cross-cutting,xl-lq-chains.test.ts,XL-017: EB update → remove op4 → liquidate → Panic 0x11 (blocks reactivation path),EB update → remove op4 → liquidate → Panic 0x11 (blocks reactivation path),yes,pass,https://github.com/ssvlabs/ssv-network/blob/feat/exhaustive-scenario-coverage/test/e2e/cross-cutting/xl-lq-chains.test.ts#L632,,
cross-cutting,xl-lq-chains.test.ts,"XL-018: remove op4 → EB update → liquidate → reactivate (EB writes to dead op, liq cleans)","Remove op4 → EB update → liquidate → reactivate (EB writes to dead op, liq cleans)",yes,pass,https://github.com/ssvlabs/ssv-network/blob/feat/exhaustive-scenario-coverage/test/e2e/cross-cutting/xl-lq-chains.test.ts#L659,,
cross-cutting,xl-lq-chains.test.ts,XL-019: real removeOperator deletes operatorEthVUnits — but liquidation still panics,Real removeOperator deletes operatorEthVUnits — but liquidation still panics,yes,pass,https://github.com/ssvlabs/ssv-network/blob/feat/exhaustive-scenario-coverage/test/e2e/cross-cutting/xl-lq-chains.test.ts#L686,,
cross-cutting,xl-lq-chains.test.ts,XL-020: EB → remove op4 → EB → remove op3 → liquidate (Panic — chained removals),EB → remove op4 → EB → remove op3 → liquidate (Panic — chained removals),yes,pass,https://github.com/ssvlabs/ssv-network/blob/feat/exhaustive-scenario-coverage/test/e2e/cross-cutting/xl-lq-chains.test.ts#L719,,
cross-cutting,xl-lq-chains.test.ts,XL-021: liquidate → remove op → reactivate (implicit EB),Liquidate → remove op → reactivate (implicit EB),yes,pass,https://github.com/ssvlabs/ssv-network/blob/feat/exhaustive-scenario-coverage/test/e2e/cross-cutting/xl-lq-chains.test.ts#L758,,
cross-cutting,xl-lq-chains.test.ts,XL-022: EB update → liquidate → remove op → reactivate (explicit EB),EB update → liquidate → remove op → reactivate (explicit EB),yes,pass,https://github.com/ssvlabs/ssv-network/blob/feat/exhaustive-scenario-coverage/test/e2e/cross-cutting/xl-lq-chains.test.ts#L782,,
cross-cutting,xl-lq-chains.test.ts,XL-023: liquidate → remove 2 ops → reactivate,Liquidate → remove 2 ops → reactivate,yes,pass,https://github.com/ssvlabs/ssv-network/blob/feat/exhaustive-scenario-coverage/test/e2e/cross-cutting/xl-lq-chains.test.ts#L806,,
cross-cutting,xl-lq-chains.test.ts,XL-024: liquidate → remove ALL ops → reactivate,Liquidate → remove ALL ops → reactivate,yes,pass,https://github.com/ssvlabs/ssv-network/blob/feat/exhaustive-scenario-coverage/test/e2e/cross-cutting/xl-lq-chains.test.ts#L821,,
cross-cutting,xl-lq-chains.test.ts,XL-025: liquidate → remove ALL ops → reactivate with insufficient → revert,Liquidate → remove ALL ops → reactivate with insufficient → revert,yes,pass,https://github.com/ssvlabs/ssv-network/blob/feat/exhaustive-scenario-coverage/test/e2e/cross-cutting/xl-lq-chains.test.ts#L836,,
cross-cutting,xl-lq-chains.test.ts,XL-026: EB → liquidate → remove op → reactivate → EB update,EB → liquidate → remove op → reactivate → EB update,yes,pass,https://github.com/ssvlabs/ssv-network/blob/feat/exhaustive-scenario-coverage/test/e2e/cross-cutting/xl-lq-chains.test.ts#L852,,
cross-cutting,xl-lq-chains.test.ts,XL-027: liquidate → fee change → reactivate,Liquidate → fee change → reactivate,yes,pass,https://github.com/ssvlabs/ssv-network/blob/feat/exhaustive-scenario-coverage/test/e2e/cross-cutting/xl-lq-chains.test.ts#L877,,
cross-cutting,xl-lq-chains.test.ts,XL-028: liquidate → fee increase → reactivate with insufficient → revert,Liquidate → fee increase → reactivate with insufficient → revert,yes,pass,https://github.com/ssvlabs/ssv-network/blob/feat/exhaustive-scenario-coverage/test/e2e/cross-cutting/xl-lq-chains.test.ts#L902,,
cross-cutting,xl-lq-chains.test.ts,XL-029: liquidate → fee decrease → reactivate succeeds at lower threshold,Liquidate → fee decrease → reactivate succeeds at lower threshold,yes,pass,https://github.com/ssvlabs/ssv-network/blob/feat/exhaustive-scenario-coverage/test/e2e/cross-cutting/xl-lq-chains.test.ts#L933,,
cross-cutting,xl-lq-chains.test.ts,XL-030: liquidate → remove op + fee change on remaining → reactivate,Liquidate → remove op + fee change on remaining → reactivate,yes,pass,https://github.com/ssvlabs/ssv-network/blob/feat/exhaustive-scenario-coverage/test/e2e/cross-cutting/xl-lq-chains.test.ts#L963,,
cross-cutting,xl-lq-chains.test.ts,XL-031: double liq/react cycle with EB,Double liq/react cycle with EB,yes,pass,https://github.com/ssvlabs/ssv-network/blob/feat/exhaustive-scenario-coverage/test/e2e/cross-cutting/xl-lq-chains.test.ts#L992,,
cross-cutting,xl-lq-chains.test.ts,XL-032: triple liq/react cycle with EB changes,Triple liq/react cycle with EB changes,yes,pass,https://github.com/ssvlabs/ssv-network/blob/feat/exhaustive-scenario-coverage/test/e2e/cross-cutting/xl-lq-chains.test.ts#L1016,,
cross-cutting,xl-lq-chains.test.ts,XL-033: reactivate → add validator → EB → liquidate,Reactivate → add validator → EB → liquidate,yes,pass,https://github.com/ssvlabs/ssv-network/blob/feat/exhaustive-scenario-coverage/test/e2e/cross-cutting/xl-lq-chains.test.ts#L1043,,
cross-cutting,xl-lq-chains.test.ts,XL-034: reactivate → add validator → EB → auto-liquidate,Reactivate → add validator → EB → auto-liquidate,yes,pass,https://github.com/ssvlabs/ssv-network/blob/feat/exhaustive-scenario-coverage/test/e2e/cross-cutting/xl-lq-chains.test.ts#L1065,,
cross-cutting,xl-lq-chains.test.ts,XL-035: reactivate with exact minimum threshold,Reactivate with exact minimum threshold,yes,pass,https://github.com/ssvlabs/ssv-network/blob/feat/exhaustive-scenario-coverage/test/e2e/cross-cutting/xl-lq-chains.test.ts#L1095,,A-BOUND-16
cross-cutting,xl-lq-chains.test.ts,XL-036: reactivate with 1 wei above minimum,Reactivate with 1 wei above minimum,yes,pass,https://github.com/ssvlabs/ssv-network/blob/feat/exhaustive-scenario-coverage/test/e2e/cross-cutting/xl-lq-chains.test.ts#L1121,,
cross-cutting,xl-lq-chains.test.ts,XL-037: reactivate with value below minimum threshold → revert,Reactivate with value below minimum threshold → revert,yes,pass,https://github.com/ssvlabs/ssv-network/blob/feat/exhaustive-scenario-coverage/test/e2e/cross-cutting/xl-lq-chains.test.ts#L1141,,
cross-cutting,xl-lq-chains.test.ts,XL-038: react → EB → withdraw → liquidate,React → EB → withdraw → liquidate,yes,pass,https://github.com/ssvlabs/ssv-network/blob/feat/exhaustive-scenario-coverage/test/e2e/cross-cutting/xl-lq-chains.test.ts#L1163,,
cross-cutting,xl-lq-chains.test.ts,XL-039: max EB (2048) liquidation and reactivation,Max EB (2048) liquidation and reactivation,yes,pass,https://github.com/ssvlabs/ssv-network/blob/feat/exhaustive-scenario-coverage/test/e2e/cross-cutting/xl-lq-chains.test.ts#L1197,,A-BOUND-13; A-EB-02
cross-cutting,xl-lq-chains.test.ts,XL-040: minimal EB changes (32→33→34) — precision test,Minimal EB changes (32→33→34) — precision test,yes,pass,https://github.com/ssvlabs/ssv-network/blob/feat/exhaustive-scenario-coverage/test/e2e/cross-cutting/xl-lq-chains.test.ts#L1218,,
cross-cutting,xl-lq-chains.test.ts,XL-041: liquidate → EB update on liquidated cluster → reactivate,Liquidate → EB update on liquidated cluster → reactivate,yes,pass,https://github.com/ssvlabs/ssv-network/blob/feat/exhaustive-scenario-coverage/test/e2e/cross-cutting/xl-lq-chains.test.ts#L1250,,A-EB-06
cross-cutting,xl-lq-chains.test.ts,XL-042: liquidate → EB increase on liquidated → reactivate with insufficient → revert,Liquidate → EB increase on liquidated → reactivate with insufficient → revert,yes,pass,https://github.com/ssvlabs/ssv-network/blob/feat/exhaustive-scenario-coverage/test/e2e/cross-cutting/xl-lq-chains.test.ts#L1272,,
cross-cutting,xl-lq-chains.test.ts,XL-043: liquidate → two EB updates on liquidated → reactivate,Liquidate → two EB updates on liquidated → reactivate,yes,pass,https://github.com/ssvlabs/ssv-network/blob/feat/exhaustive-scenario-coverage/test/e2e/cross-cutting/xl-lq-chains.test.ts#L1299,,
cross-cutting,xl-lq-chains.test.ts,XL-044: EB update → liquidate → EB decrease on liquidated → reactivate,EB update → liquidate → EB decrease on liquidated → reactivate,yes,pass,https://github.com/ssvlabs/ssv-network/blob/feat/exhaustive-scenario-coverage/test/e2e/cross-cutting/xl-lq-chains.test.ts#L1322,,
cross-cutting,xl-lq-chains.test.ts,XL-045: EB update → liquidate → same EB on liquidated → reactivate (round-trip),EB update → liquidate → same EB on liquidated → reactivate (round-trip),yes,pass,https://github.com/ssvlabs/ssv-network/blob/feat/exhaustive-scenario-coverage/test/e2e/cross-cutting/xl-lq-chains.test.ts#L1343,,
cross-cutting,xl-lq-chains.test.ts,XL-046: liquidate → remove op → EB on liquidated → reactivate,Liquidate → remove op → EB on liquidated → reactivate,yes,pass,https://github.com/ssvlabs/ssv-network/blob/feat/exhaustive-scenario-coverage/test/e2e/cross-cutting/xl-lq-chains.test.ts#L1364,,
cross-cutting,xl-lq-chains.test.ts,XL-047: auto-liquidation from EB increase → EB decrease while liq → reactivate,Auto-liquidation from EB increase → EB decrease while liq → reactivate,yes,pass,https://github.com/ssvlabs/ssv-network/blob/feat/exhaustive-scenario-coverage/test/e2e/cross-cutting/xl-lq-chains.test.ts#L1388,,
cross-cutting,xl-lq-chains.test.ts,XL-048: liquidate → EB on liq → remove op → reactivate → EB,Liquidate → EB on liq → remove op → reactivate → EB,yes,pass,https://github.com/ssvlabs/ssv-network/blob/feat/exhaustive-scenario-coverage/test/e2e/cross-cutting/xl-lq-chains.test.ts#L1423,,
cross-cutting,xl-lq-chains.test.ts,XL-049: two callers liquidate same cluster — second reverts,Two callers liquidate same cluster — second reverts,yes,pass,https://github.com/ssvlabs/ssv-network/blob/feat/exhaustive-scenario-coverage/test/e2e/cross-cutting/xl-lq-chains.test.ts#L1458,,
cross-cutting,xl-lq-chains.test.ts,XL-050: liquidate then reactivate sequentially,Liquidate then reactivate sequentially,yes,pass,https://github.com/ssvlabs/ssv-network/blob/feat/exhaustive-scenario-coverage/test/e2e/cross-cutting/xl-lq-chains.test.ts#L1484,,
cross-cutting,xl-lq-chains.test.ts,XL-051: owner self-liquidates then reactivates,Owner self-liquidates then reactivates,yes,pass,https://github.com/ssvlabs/ssv-network/blob/feat/exhaustive-scenario-coverage/test/e2e/cross-cutting/xl-lq-chains.test.ts#L1498,,
cross-cutting,xl-lq-chains.test.ts,"XL-052: EB auto-liquidates, owner reactivates immediately after","EB auto-liquidates, owner reactivates immediately after",yes,pass,https://github.com/ssvlabs/ssv-network/blob/feat/exhaustive-scenario-coverage/test/e2e/cross-cutting/xl-lq-chains.test.ts#L1513,,
cross-cutting,xl-lq-chains.test.ts,"XL-053: EB update raises threshold, then liquidation succeeds","EB update raises threshold, then liquidation succeeds",yes,pass,https://github.com/ssvlabs/ssv-network/blob/feat/exhaustive-scenario-coverage/test/e2e/cross-cutting/xl-lq-chains.test.ts#L1542,,
cross-cutting,xl-lq-chains.test.ts,XL-054: two callers reactivate same cluster — second reverts,Two callers reactivate same cluster — second reverts,yes,pass,https://github.com/ssvlabs/ssv-network/blob/feat/exhaustive-scenario-coverage/test/e2e/cross-cutting/xl-lq-chains.test.ts#L1578,,
cross-cutting,xl-lq-chains.test.ts,XL-055: reactivate then EB update — auto-liq may fire on reactivated cluster,Reactivate then EB update — auto-liq may fire on reactivated cluster,yes,pass,https://github.com/ssvlabs/ssv-network/blob/feat/exhaustive-scenario-coverage/test/e2e/cross-cutting/xl-lq-chains.test.ts#L1596,,
cross-cutting,xl-lq-chains.test.ts,"XL-056: two clusters share operators — one liquidates, shared ops retain other deviation","Two clusters share operators — one liquidates, shared ops retain other deviation",yes,pass,https://github.com/ssvlabs/ssv-network/blob/feat/exhaustive-scenario-coverage/test/e2e/cross-cutting/xl-lq-chains.test.ts#L1633,,
cross-cutting,xl-lq-chains.test.ts,"XL-057: shared operators — one cluster liquidates then reactivates, deviation restored","Shared operators — one cluster liquidates then reactivates, deviation restored",yes,pass,https://github.com/ssvlabs/ssv-network/blob/feat/exhaustive-scenario-coverage/test/e2e/cross-cutting/xl-lq-chains.test.ts#L1671,,
cross-cutting,xl-lq-chains.test.ts,XL-058: shared op removed between two cluster liquidations — Panic 0x11 on second liq,Shared op removed between two cluster liquidations — Panic 0x11 on second liq,yes,pass,https://github.com/ssvlabs/ssv-network/blob/feat/exhaustive-scenario-coverage/test/e2e/cross-cutting/xl-lq-chains.test.ts#L1700,,
cross-cutting,xl-lq-chains.test.ts,XL-059: addValidator → EB increase → liquidate → reactivate,AddValidator → EB increase → liquidate → reactivate,yes,pass,https://github.com/ssvlabs/ssv-network/blob/feat/exhaustive-scenario-coverage/test/e2e/cross-cutting/xl-lq-chains.test.ts#L1737,,
cross-cutting,xl-lq-chains.test.ts,XL-060: removeValidator → EB decrease → liquidate → reactivate,RemoveValidator → EB decrease → liquidate → reactivate,yes,pass,https://github.com/ssvlabs/ssv-network/blob/feat/exhaustive-scenario-coverage/test/e2e/cross-cutting/xl-lq-chains.test.ts#L1761,,
cross-cutting,xl-lq-chains.test.ts,XL-061: withdraw near threshold → EB increase triggers auto-liq,Withdraw near threshold → EB increase triggers auto-liq,yes,pass,https://github.com/ssvlabs/ssv-network/blob/feat/exhaustive-scenario-coverage/test/e2e/cross-cutting/xl-lq-chains.test.ts#L1785,,
cross-cutting,xl-lq-chains.test.ts,XL-062: EB decrease + deposit → not liquidatable,EB decrease + deposit → not liquidatable,yes,pass,https://github.com/ssvlabs/ssv-network/blob/feat/exhaustive-scenario-coverage/test/e2e/cross-cutting/xl-lq-chains.test.ts#L1811,,
cross-cutting,xl-lq-chains.test.ts,XL-063: react → removeValidator → verify solvency,React → removeValidator → verify solvency,yes,pass,https://github.com/ssvlabs/ssv-network/blob/feat/exhaustive-scenario-coverage/test/e2e/cross-cutting/xl-lq-chains.test.ts#L1832,,
cross-cutting,xl-lq-chains.test.ts,XL-064: migration to ETH → EB → liquidate → reactivate chain,Migration to ETH → EB → liquidate → reactivate chain,yes,pass,https://github.com/ssvlabs/ssv-network/blob/feat/exhaustive-scenario-coverage/test/e2e/cross-cutting/xl-lq-chains.test.ts#L1854,,
cross-cutting,xl-lq-chains.test.ts,XL-065: EB → removeOperator → liquidate reverts with Panic 0x11,EB → removeOperator → liquidate reverts with Panic 0x11,yes,pass,https://github.com/ssvlabs/ssv-network/blob/feat/exhaustive-scenario-coverage/test/e2e/cross-cutting/xl-lq-chains.test.ts#L1883,,
cross-cutting,xo-op-cluster.test.ts,XO-009: reactivate cluster after liquidation with removed operator,Reactivate cluster after liquidation with removed operator,yes,pass,https://github.com/ssvlabs/ssv-network/blob/feat/exhaustive-scenario-coverage/test/e2e/cross-cutting/xo-op-cluster.test.ts#L294,,A-FEE-03
cross-cutting,xo-op-cluster.test.ts,XO-010: new cluster with remaining operators after 1 removed from group,New cluster with remaining operators after 1 removed from group,yes,pass,https://github.com/ssvlabs/ssv-network/blob/feat/exhaustive-scenario-coverage/test/e2e/cross-cutting/xo-op-cluster.test.ts#L349,,A-FEE-03
cross-cutting,xo-op-cluster.test.ts,XO-012: fee increase reduces available balance — withdraw limited,Fee increase reduces available balance — withdraw limited,yes,pass,https://github.com/ssvlabs/ssv-network/blob/feat/exhaustive-scenario-coverage/test/e2e/cross-cutting/xo-op-cluster.test.ts#L370,,A-FEE-03
cross-cutting,xo-op-cluster.test.ts,XO-013: fee reduction enables withdraw that was previously blocked,Fee reduction enables withdraw that was previously blocked,yes,pass,https://github.com/ssvlabs/ssv-network/blob/feat/exhaustive-scenario-coverage/test/e2e/cross-cutting/xo-op-cluster.test.ts#L405,,A-FEE-03
cross-cutting,xo-op-cluster.test.ts,"XO-015: fee declared before EB update, executed after — uses post-EB vUnits","Fee declared before EB update, executed after — uses post-EB vUnits",yes,pass,https://github.com/ssvlabs/ssv-network/blob/feat/exhaustive-scenario-coverage/test/e2e/cross-cutting/xo-op-cluster.test.ts#L432,,A-FEE-03
cross-cutting,xo-op-cluster.test.ts,XO-021: fee change on shared operator — both clusters settle correctly,Fee change on shared operator — both clusters settle correctly,yes,pass,https://github.com/ssvlabs/ssv-network/blob/feat/exhaustive-scenario-coverage/test/e2e/cross-cutting/xo-op-cluster.test.ts#L468,,A-FEE-03
cross-cutting,xo-op-cluster.test.ts,XO-038: multiple operators increase fees sequentially — compound burn rate,Multiple operators increase fees sequentially — compound burn rate,yes,pass,https://github.com/ssvlabs/ssv-network/blob/feat/exhaustive-scenario-coverage/test/e2e/cross-cutting/xo-op-cluster.test.ts#L508,,A-FEE-03
cross-cutting,xo-op-cluster.test.ts,XO-039: fee increase + EB increase compound — accelerated balance drain,Fee increase + EB increase compound — accelerated balance drain,yes,pass,https://github.com/ssvlabs/ssv-network/blob/feat/exhaustive-scenario-coverage/test/e2e/cross-cutting/xo-op-cluster.test.ts#L539,,A-FEE-03
cross-cutting,xo-op-cluster.test.ts,XO-040: operator fee reduced to zero — burn rate drops,Operator fee reduced to zero — burn rate drops,yes,pass,https://github.com/ssvlabs/ssv-network/blob/feat/exhaustive-scenario-coverage/test/e2e/cross-cutting/xo-op-cluster.test.ts#L574,,A-ACT-25; A-BOUND-05; A-FEE-03
cross-cutting,xo-op-cluster.test.ts,XO-045: declare fee then remove operator — execute reverts OperatorDoesNotExist,Declare fee then remove operator — execute reverts OperatorDoesNotExist,yes,pass,https://github.com/ssvlabs/ssv-network/blob/feat/exhaustive-scenario-coverage/test/e2e/cross-cutting/xo-op-cluster.test.ts#L598,,A-FEE-03
cross-cutting,xo-op-cluster.test.ts,XO-046: reduce fee on removed operator — reverts OperatorDoesNotExist,Reduce fee on removed operator — reverts OperatorDoesNotExist,yes,pass,https://github.com/ssvlabs/ssv-network/blob/feat/exhaustive-scenario-coverage/test/e2e/cross-cutting/xo-op-cluster.test.ts#L625,,A-FEE-03
cross-cutting,xo-op-cluster.test.ts,XO-047: operator earnings + cluster withdraw — no double-counting,Operator earnings + cluster withdraw — no double-counting,yes,pass,https://github.com/ssvlabs/ssv-network/blob/feat/exhaustive-scenario-coverage/test/e2e/cross-cutting/xo-op-cluster.test.ts#L644,,A-FEE-03
cross-cutting,xo-op-cluster.test.ts,XO-049: fee change persists through liquidation-reactivation,Fee change persists through liquidation-reactivation,yes,pass,https://github.com/ssvlabs/ssv-network/blob/feat/exhaustive-scenario-coverage/test/e2e/cross-cutting/xo-op-cluster.test.ts#L681,,A-FEE-03
cross-cutting,xo-op-cluster.test.ts,XO-053: fee change and withdraw in same block — index jump visible,Fee change and withdraw in same block — index jump visible,yes,pass,https://github.com/ssvlabs/ssv-network/blob/feat/exhaustive-scenario-coverage/test/e2e/cross-cutting/xo-op-cluster.test.ts#L728,,A-FEE-03
cross-cutting,xo-op-cluster.test.ts,XO-016: EB update on cluster with removed operator — vUnits written to removed op,EB update on cluster with removed operator — vUnits written to removed op,yes,pass,https://github.com/ssvlabs/ssv-network/blob/feat/exhaustive-scenario-coverage/test/e2e/cross-cutting/xo-op-cluster.test.ts#L760,,A-FEE-03
cross-cutting,xo-op-cluster.test.ts,XO-017: EB increase then decrease with removed operator,EB increase then decrease with removed operator,yes,pass,https://github.com/ssvlabs/ssv-network/blob/feat/exhaustive-scenario-coverage/test/e2e/cross-cutting/xo-op-cluster.test.ts#L791,,A-FEE-03
cross-cutting,xo-op-cluster.test.ts,XO-018: EB increase triggers auto-liquidation with removed operator,EB increase triggers auto-liquidation with removed operator,yes,pass,https://github.com/ssvlabs/ssv-network/blob/feat/exhaustive-scenario-coverage/test/e2e/cross-cutting/xo-op-cluster.test.ts#L828,,A-FEE-03
cross-cutting,xo-op-cluster.test.ts,XO-019: two clusters share removed op — both withdraw with 3-op rate,Two clusters share removed op — both withdraw with 3-op rate,yes,pass,https://github.com/ssvlabs/ssv-network/blob/feat/exhaustive-scenario-coverage/test/e2e/cross-cutting/xo-op-cluster.test.ts#L869,,A-FEE-03
cross-cutting,xo-op-cluster.test.ts,XO-020: two clusters with removed op — deposits succeed,Two clusters with removed op — deposits succeed,yes,pass,https://github.com/ssvlabs/ssv-network/blob/feat/exhaustive-scenario-coverage/test/e2e/cross-cutting/xo-op-cluster.test.ts#L913,,A-FEE-03
cross-cutting,xo-op-cluster.test.ts,XO-022: EB update then op removal — final earnings include EB-weighted accrual,EB update then op removal — final earnings include EB-weighted accrual,yes,pass,https://github.com/ssvlabs/ssv-network/blob/feat/exhaustive-scenario-coverage/test/e2e/cross-cutting/xo-op-cluster.test.ts#L949,,A-FEE-03
cross-cutting,xo-op-cluster.test.ts,XO-023: second EB update after op removal — removed op stays clean,Second EB update after op removal — removed op stays clean,yes,pass,https://github.com/ssvlabs/ssv-network/blob/feat/exhaustive-scenario-coverage/test/e2e/cross-cutting/xo-op-cluster.test.ts#L991,,A-FEE-03
cross-cutting,xo-op-cluster.test.ts,XO-024: withdrawOperatorEarnings on removed operator — reverts,WithdrawOperatorEarnings on removed operator — reverts,yes,pass,https://github.com/ssvlabs/ssv-network/blob/feat/exhaustive-scenario-coverage/test/e2e/cross-cutting/xo-op-cluster.test.ts#L1025,,A-FEE-03
cross-cutting,xo-op-cluster.test.ts,XO-041: all 4 operators removed — withdraw succeeds (zero burn rate),All 4 operators removed — withdraw succeeds (zero burn rate),yes,pass,https://github.com/ssvlabs/ssv-network/blob/feat/exhaustive-scenario-coverage/test/e2e/cross-cutting/xo-op-cluster.test.ts#L1044,,A-FEE-03
cross-cutting,xo-op-cluster.test.ts,XO-044: two clusters share removed op1 — both settle with 3-op rate,Two clusters share removed op1 — both settle with 3-op rate,yes,pass,https://github.com/ssvlabs/ssv-network/blob/feat/exhaustive-scenario-coverage/test/e2e/cross-cutting/xo-op-cluster.test.ts#L1071,,A-FEE-03
cross-cutting,xo-op-cluster.test.ts,XO-052: remove all validators from explicit-EB cluster with removed op,Remove all validators from explicit-EB cluster with removed op,yes,pass,https://github.com/ssvlabs/ssv-network/blob/feat/exhaustive-scenario-coverage/test/e2e/cross-cutting/xo-op-cluster.test.ts#L1110,,A-FEE-03
cross-cutting,xo-op-cluster.test.ts,XO-054: operator removal and cluster withdraw — sees zeroed fee immediately,Operator removal and cluster withdraw — sees zeroed fee immediately,yes,pass,https://github.com/ssvlabs/ssv-network/blob/feat/exhaustive-scenario-coverage/test/e2e/cross-cutting/xo-op-cluster.test.ts#L1146,,A-FEE-03
cross-cutting,xo-op-cluster.test.ts,XO-058: 1000 blocks with removed operator — 3-op burn rate correct,1000 blocks with removed operator — 3-op burn rate correct,yes,pass,https://github.com/ssvlabs/ssv-network/blob/feat/exhaustive-scenario-coverage/test/e2e/cross-cutting/xo-op-cluster.test.ts#L1176,,A-FEE-03
cross-cutting,xo-op-cluster.test.ts,XO-059: withdraw after op removal from explicit-EB cluster — vUnits unchanged,Withdraw after op removal from explicit-EB cluster — vUnits unchanged,yes,pass,https://github.com/ssvlabs/ssv-network/blob/feat/exhaustive-scenario-coverage/test/e2e/cross-cutting/xo-op-cluster.test.ts#L1208,,A-FEE-03
cross-cutting,xo-op-cluster.test.ts,XO-061: replace removed op with new op in new cluster,Replace removed op with new op in new cluster,yes,pass,https://github.com/ssvlabs/ssv-network/blob/feat/exhaustive-scenario-coverage/test/e2e/cross-cutting/xo-op-cluster.test.ts#L1261,,A-FEE-03
cross-cutting,xo-op-cluster.test.ts,XO-062: withdraw earnings then remove operator — no double payout,Withdraw earnings then remove operator — no double payout,yes,pass,https://github.com/ssvlabs/ssv-network/blob/feat/exhaustive-scenario-coverage/test/e2e/cross-cutting/xo-op-cluster.test.ts#L1298,,A-FEE-03
cross-cutting,xo-op-cluster.test.ts,XO-065: removed op1 stale vUnits do not contaminate op2 earnings,Removed op1 stale vUnits do not contaminate op2 earnings,yes,pass,https://github.com/ssvlabs/ssv-network/blob/feat/exhaustive-scenario-coverage/test/e2e/cross-cutting/xo-op-cluster.test.ts#L1343,,A-FEE-03
cross-cutting,xo-op-cluster.test.ts,XO-066: removeOperator then liquidate — no underflow,RemoveOperator then liquidate — no underflow,yes,pass,https://github.com/ssvlabs/ssv-network/blob/feat/exhaustive-scenario-coverage/test/e2e/cross-cutting/xo-op-cluster.test.ts#L1377,,A-FEE-03
cross-cutting,xo-op-cluster.test.ts,XO-067: removeOperator then remove last validator — no underflow,RemoveOperator then remove last validator — no underflow,yes,pass,https://github.com/ssvlabs/ssv-network/blob/feat/exhaustive-scenario-coverage/test/e2e/cross-cutting/xo-op-cluster.test.ts#L1407,,A-FEE-03
cross-cutting,xo-op-cluster.test.ts,XO-068: shared removed op + other cluster EB update — no underflow,Shared removed op + other cluster EB update — no underflow,yes,pass,https://github.com/ssvlabs/ssv-network/blob/feat/exhaustive-scenario-coverage/test/e2e/cross-cutting/xo-op-cluster.test.ts#L1431,,A-FEE-03
cross-cutting,xo-op-cluster.test.ts,XO-027: privacy change blocks non-whitelisted validator registration,Privacy change blocks non-whitelisted validator registration,yes,pass,https://github.com/ssvlabs/ssv-network/blob/feat/exhaustive-scenario-coverage/test/e2e/cross-cutting/xo-op-cluster.test.ts#L1471,,A-ACT-30; A-ACT-31; A-FEE-03
cross-cutting,xo-op-cluster.test.ts,XO-028: privacy change has no effect on deposit,Privacy change has no effect on deposit,yes,pass,https://github.com/ssvlabs/ssv-network/blob/feat/exhaustive-scenario-coverage/test/e2e/cross-cutting/xo-op-cluster.test.ts#L1497,,A-FEE-03
cross-cutting,xo-op-cluster.test.ts,XO-029: privacy change has no effect on withdraw,Privacy change has no effect on withdraw,yes,pass,https://github.com/ssvlabs/ssv-network/blob/feat/exhaustive-scenario-coverage/test/e2e/cross-cutting/xo-op-cluster.test.ts#L1520,,A-FEE-03
cross-cutting,xo-op-cluster.test.ts,XO-030: privacy change has no effect on removeValidator,Privacy change has no effect on removeValidator,yes,pass,https://github.com/ssvlabs/ssv-network/blob/feat/exhaustive-scenario-coverage/test/e2e/cross-cutting/xo-op-cluster.test.ts#L1542,,A-FEE-03
cross-cutting,xo-op-cluster.test.ts,XO-031: privacy change has no effect on liquidation,Privacy change has no effect on liquidation,yes,pass,https://github.com/ssvlabs/ssv-network/blob/feat/exhaustive-scenario-coverage/test/e2e/cross-cutting/xo-op-cluster.test.ts#L1563,,A-FEE-03
cross-cutting,xo-op-cluster.test.ts,XO-032: privacy change has no effect on reactivation,Privacy change has no effect on reactivation,yes,pass,https://github.com/ssvlabs/ssv-network/blob/feat/exhaustive-scenario-coverage/test/e2e/cross-cutting/xo-op-cluster.test.ts#L1586,,A-FEE-03
cross-cutting,xo-op-cluster.test.ts,XO-033: EB increase raises liquidation threshold — higher drain rate,EB increase raises liquidation threshold — higher drain rate,yes,pass,https://github.com/ssvlabs/ssv-network/blob/feat/exhaustive-scenario-coverage/test/e2e/cross-cutting/xo-op-cluster.test.ts#L1633,,A-FEE-03
cross-cutting,xo-op-cluster.test.ts,XO-034: EB increase then deposit — withdraw succeeds,EB increase then deposit — withdraw succeeds,yes,pass,https://github.com/ssvlabs/ssv-network/blob/feat/exhaustive-scenario-coverage/test/e2e/cross-cutting/xo-op-cluster.test.ts#L1663,,A-FEE-03
cross-cutting,xo-op-cluster.test.ts,XO-035: EB update on liquidated cluster — reactivation uses stored vUnits,EB update on liquidated cluster — reactivation uses stored vUnits,yes,pass,https://github.com/ssvlabs/ssv-network/blob/feat/exhaustive-scenario-coverage/test/e2e/cross-cutting/xo-op-cluster.test.ts#L1694,,A-FEE-03
cross-cutting,xo-op-cluster.test.ts,XO-036: deposit+withdraw on liquidated cluster — no fee settlement,Deposit+withdraw on liquidated cluster — no fee settlement,yes,pass,https://github.com/ssvlabs/ssv-network/blob/feat/exhaustive-scenario-coverage/test/e2e/cross-cutting/xo-op-cluster.test.ts#L1739,,A-FEE-03
cross-cutting,xo-op-cluster.test.ts,XO-037: reactivation after liquidation with removed op — deviation skips removed,Reactivation after liquidation with removed op — deviation skips removed,yes,pass,https://github.com/ssvlabs/ssv-network/blob/feat/exhaustive-scenario-coverage/test/e2e/cross-cutting/xo-op-cluster.test.ts#L1772,,A-FEE-03
cross-cutting,xo-op-cluster.test.ts,XO-042: remove all validators from explicit-EB cluster — deviation cleaned,Remove all validators from explicit-EB cluster — deviation cleaned,yes,pass,https://github.com/ssvlabs/ssv-network/blob/feat/exhaustive-scenario-coverage/test/e2e/cross-cutting/xo-op-cluster.test.ts#L1818,,A-FEE-03
cross-cutting,xo-op-cluster.test.ts,XO-048: EB-weighted operator earnings — fee change settles at deviation rate,EB-weighted operator earnings — fee change settles at deviation rate,yes,pass,https://github.com/ssvlabs/ssv-network/blob/feat/exhaustive-scenario-coverage/test/e2e/cross-cutting/xo-op-cluster.test.ts#L1872,,A-FEE-03
cross-cutting,xo-op-cluster.test.ts,XO-050: EB persists through liquidation-reactivation — threshold reflects vUnits,EB persists through liquidation-reactivation — threshold reflects vUnits,yes,pass,https://github.com/ssvlabs/ssv-network/blob/feat/exhaustive-scenario-coverage/test/e2e/cross-cutting/xo-op-cluster.test.ts#L1902,,A-FEE-03
cross-cutting,xo-op-cluster.test.ts,XO-051: EB changed while liquidated — reactivation uses latest vUnits,EB changed while liquidated — reactivation uses latest vUnits,yes,pass,https://github.com/ssvlabs/ssv-network/blob/feat/exhaustive-scenario-coverage/test/e2e/cross-cutting/xo-op-cluster.test.ts#L1946,,A-FEE-03
cross-cutting,xo-op-cluster.test.ts,"XO-055: two clusters, one explicit EB — operator earnings include deviation from EB cluster only","Two clusters, one explicit EB — operator earnings include deviation from EB cluster only",yes,pass,https://github.com/ssvlabs/ssv-network/blob/feat/exhaustive-scenario-coverage/test/e2e/cross-cutting/xo-op-cluster.test.ts#L1994,,A-FEE-03
cross-cutting,xo-op-cluster.test.ts,XO-056: alternating EB updates and fee changes — earnings sum segments correctly,Alternating EB updates and fee changes — earnings sum segments correctly,yes,pass,https://github.com/ssvlabs/ssv-network/blob/feat/exhaustive-scenario-coverage/test/e2e/cross-cutting/xo-op-cluster.test.ts#L2027,,A-FEE-03
cross-cutting,xo-op-cluster.test.ts,"XO-057: EB cluster liquidated, op removed, then reactivated — deviation only to active ops","EB cluster liquidated, op removed, then reactivated — deviation only to active ops",yes,pass,https://github.com/ssvlabs/ssv-network/blob/feat/exhaustive-scenario-coverage/test/e2e/cross-cutting/xo-op-cluster.test.ts#L2063,,A-FEE-03
cross-cutting,xo-op-cluster.test.ts,XO-060: compound fee + EB increases trigger auto-liquidation,Compound fee + EB increases trigger auto-liquidation,yes,pass,https://github.com/ssvlabs/ssv-network/blob/feat/exhaustive-scenario-coverage/test/e2e/cross-cutting/xo-op-cluster.test.ts#L2121,,A-FEE-03
cross-cutting,xo-op-cluster.test.ts,XO-063: zero-fee operator + EB update — deviation written but burn rate = 0 for op,Zero-fee operator + EB update — deviation written but burn rate = 0 for op,yes,pass,https://github.com/ssvlabs/ssv-network/blob/feat/exhaustive-scenario-coverage/test/e2e/cross-cutting/xo-op-cluster.test.ts#L2157,,A-FEE-03
cross-cutting,xo-op-cluster.test.ts,XO-064: remove one validator from 2-validator EB cluster — earnings recalculated,Remove one validator from 2-validator EB cluster — earnings recalculated,yes,pass,https://github.com/ssvlabs/ssv-network/blob/feat/exhaustive-scenario-coverage/test/e2e/cross-cutting/xo-op-cluster.test.ts#L2189,,A-FEE-03
cross-cutting,xo-op-cluster.test.ts,XO-069: reactivation with hasDeviation=true from another cluster's EB,Reactivation with hasDeviation=true from another cluster's EB,yes,pass,https://github.com/ssvlabs/ssv-network/blob/feat/exhaustive-scenario-coverage/test/e2e/cross-cutting/xo-op-cluster.test.ts#L2229,,A-FEE-03
cross-cutting,xo-op-cluster.test.ts,XO-014: EB increase then fee change — operator earnings at EB-weighted rate,EB increase then fee change — operator earnings at EB-weighted rate,yes,pass,https://github.com/ssvlabs/ssv-network/blob/feat/exhaustive-scenario-coverage/test/e2e/cross-cutting/xo-op-cluster.test.ts#L2292,,A-FEE-03
cross-cutting,xo-op-cluster.test.ts,XO-025: SSV cluster with explicit EB → migrateClusterToETH,SSV cluster with explicit EB → migrateClusterToETH,yes,pass,https://github.com/ssvlabs/ssv-network/blob/feat/exhaustive-scenario-coverage/test/e2e/cross-cutting/xo-op-cluster.test.ts#L2332,,A-FEE-03
cross-cutting,xo-op-cluster.test.ts,XO-026: migration with removed op + explicit EB,Migration with removed op + explicit EB,yes,pass,https://github.com/ssvlabs/ssv-network/blob/feat/exhaustive-scenario-coverage/test/e2e/cross-cutting/xo-op-cluster.test.ts#L2397,,A-FEE-03
cross-cutting,xv-vl-eb.test.ts,XV-004: partial remove leaving 1 validator — deviation preserved,Partial remove leaving 1 validator — deviation preserved,yes,pass,https://github.com/ssvlabs/ssv-network/blob/feat/exhaustive-scenario-coverage/test/e2e/cross-cutting/xv-vl-eb.test.ts#L307,,A-ACT-05; A-CHECK-05
cross-cutting,xv-vl-eb.test.ts,XV-006: bulk partial remove 3 of 5 validators — deviation intact,Bulk partial remove 3 of 5 validators — deviation intact,yes,pass,https://github.com/ssvlabs/ssv-network/blob/feat/exhaustive-scenario-coverage/test/e2e/cross-cutting/xv-vl-eb.test.ts#L333,,A-ACT-05; A-CHECK-05
cross-cutting,xv-vl-eb.test.ts,XV-007: bulk full remove all 5 validators (7 ops) — deviation cleanup scales,Bulk full remove all 5 validators (7 ops) — deviation cleanup scales,yes,pass,https://github.com/ssvlabs/ssv-network/blob/feat/exhaustive-scenario-coverage/test/e2e/cross-cutting/xv-vl-eb.test.ts#L356,,A-ACT-05; A-CHECK-05
cross-cutting,xv-vl-eb.test.ts,XV-009: double EB update across validator count change,Double EB update across validator count change,yes,pass,https://github.com/ssvlabs/ssv-network/blob/feat/exhaustive-scenario-coverage/test/e2e/cross-cutting/xv-vl-eb.test.ts#L381,,A-ACT-05; A-CHECK-05
cross-cutting,xv-vl-eb.test.ts,XV-010: interleaved register and EB update — storedVUnits consistency,Interleaved register and EB update — storedVUnits consistency,yes,pass,https://github.com/ssvlabs/ssv-network/blob/feat/exhaustive-scenario-coverage/test/e2e/cross-cutting/xv-vl-eb.test.ts#L410,,A-ACT-05; A-CHECK-05
cross-cutting,xv-vl-eb.test.ts,XV-011: bulk register 10 vals → EB → bulk remove 10 — clean slate,Bulk register 10 vals → EB → bulk remove 10 — clean slate,yes,pass,https://github.com/ssvlabs/ssv-network/blob/feat/exhaustive-scenario-coverage/test/e2e/cross-cutting/xv-vl-eb.test.ts#L440,,A-ACT-05; A-CHECK-05
cross-cutting,xv-vl-eb.test.ts,XV-013: explicit EB at baseline (32 ETH) → remove — cleanup loop skipped,Explicit EB at baseline (32 ETH) → remove — cleanup loop skipped,yes,pass,https://github.com/ssvlabs/ssv-network/blob/feat/exhaustive-scenario-coverage/test/e2e/cross-cutting/xv-vl-eb.test.ts#L462,,A-ACT-05; A-CHECK-05
cross-cutting,xv-vl-eb.test.ts,XV-014: exit → EB update → remove — exit is event-only,Exit → EB update → remove — exit is event-only,yes,pass,https://github.com/ssvlabs/ssv-network/blob/feat/exhaustive-scenario-coverage/test/e2e/cross-cutting/xv-vl-eb.test.ts#L487,,A-ACT-05; A-CHECK-05
cross-cutting,xv-vl-eb.test.ts,XV-015: register 3 → exit 1 → EB → remove non-exited — EB sees 3 vals,Register 3 → exit 1 → EB → remove non-exited — EB sees 3 vals,yes,pass,https://github.com/ssvlabs/ssv-network/blob/feat/exhaustive-scenario-coverage/test/e2e/cross-cutting/xv-vl-eb.test.ts#L509,,A-ACT-05; A-CHECK-05
cross-cutting,xv-vl-eb.test.ts,XV-016: EB → remove all → register new — returns to implicit EB,EB → remove all → register new — returns to implicit EB,yes,pass,https://github.com/ssvlabs/ssv-network/blob/feat/exhaustive-scenario-coverage/test/e2e/cross-cutting/xv-vl-eb.test.ts#L538,,A-ACT-05; A-CHECK-05
cross-cutting,xv-vl-eb.test.ts,XV-017: full round-trip — EB → remove all → register → EB again,Full round-trip — EB → remove all → register → EB again,yes,pass,https://github.com/ssvlabs/ssv-network/blob/feat/exhaustive-scenario-coverage/test/e2e/cross-cutting/xv-vl-eb.test.ts#L561,,A-ACT-05; A-CHECK-05
cross-cutting,xv-vl-eb.test.ts,XV-018: EB → register 1 more → remove 1 — deviation preserved,EB → register 1 more → remove 1 — deviation preserved,yes,pass,https://github.com/ssvlabs/ssv-network/blob/feat/exhaustive-scenario-coverage/test/e2e/cross-cutting/xv-vl-eb.test.ts#L581,,A-ACT-05; A-CHECK-05
cross-cutting,xv-vl-eb.test.ts,XV-019: 5 vals → EB → remove 2 → EB again → remove 3,5 vals → EB → remove 2 → EB again → remove 3,yes,pass,https://github.com/ssvlabs/ssv-network/blob/feat/exhaustive-scenario-coverage/test/e2e/cross-cutting/xv-vl-eb.test.ts#L607,,A-ACT-05; A-CHECK-05
cross-cutting,xv-vl-eb.test.ts,XV-020: 1 val EB 64 → register 9 more — massive expansion,1 val EB 64 → register 9 more — massive expansion,yes,pass,https://github.com/ssvlabs/ssv-network/blob/feat/exhaustive-scenario-coverage/test/e2e/cross-cutting/xv-vl-eb.test.ts#L646,,A-ACT-05; A-CHECK-05
cross-cutting,xv-vl-eb.test.ts,XV-036: cross-block interleaving — EB → register → EB,Cross-block interleaving — EB → register → EB,yes,pass,https://github.com/ssvlabs/ssv-network/blob/feat/exhaustive-scenario-coverage/test/e2e/cross-cutting/xv-vl-eb.test.ts#L667,,A-ACT-05; A-CHECK-05
cross-cutting,xv-vl-eb.test.ts,XV-039: serial single removals — deviation cleaned only on last,Serial single removals — deviation cleaned only on last,yes,pass,https://github.com/ssvlabs/ssv-network/blob/feat/exhaustive-scenario-coverage/test/e2e/cross-cutting/xv-vl-eb.test.ts#L694,,A-ACT-05; A-CHECK-05
cross-cutting,xv-vl-eb.test.ts,XV-041: add after EB → serial remove — deviation cleaned on last only,Add after EB → serial remove — deviation cleaned on last only,yes,pass,https://github.com/ssvlabs/ssv-network/blob/feat/exhaustive-scenario-coverage/test/e2e/cross-cutting/xv-vl-eb.test.ts#L719,,A-ACT-05; A-CHECK-05
cross-cutting,xv-vl-eb.test.ts,XV-057: sequential EB increases (48 → 64) → remove — accumulated deviation cleaned,Sequential EB increases (48 → 64) → remove — accumulated deviation cleaned,yes,pass,https://github.com/ssvlabs/ssv-network/blob/feat/exhaustive-scenario-coverage/test/e2e/cross-cutting/xv-vl-eb.test.ts#L743,,A-ACT-05; A-CHECK-05
cross-cutting,xv-vl-eb.test.ts,XV-021: EB update on empty cluster (0 validators) — reverts EBExceedsMaximum,EB update on empty cluster (0 validators) — reverts EBExceedsMaximum,yes,pass,https://github.com/ssvlabs/ssv-network/blob/feat/exhaustive-scenario-coverage/test/e2e/cross-cutting/xv-vl-eb.test.ts#L772,,A-ACT-05; A-CHECK-05
cross-cutting,xv-vl-eb.test.ts,XV-023: register → removeOperator → EB → remove last val — bug self-cancels,Register → removeOperator → EB → remove last val — bug self-cancels,yes,pass,https://github.com/ssvlabs/ssv-network/blob/feat/exhaustive-scenario-coverage/test/e2e/cross-cutting/xv-vl-eb.test.ts#L804,,A-ACT-05; A-CHECK-05
cross-cutting,xv-vl-eb.test.ts,XV-024: register → removeOperator → EB 48 → EB 32 — removed op returns to 0,Register → removeOperator → EB 48 → EB 32 — removed op returns to 0,yes,pass,https://github.com/ssvlabs/ssv-network/blob/feat/exhaustive-scenario-coverage/test/e2e/cross-cutting/xv-vl-eb.test.ts#L838,,A-ACT-05; A-CHECK-05
cross-cutting,xv-vl-eb.test.ts,XV-025: 3 vals → removeOperator → EB 48/val → bulk remove all — cleanup includes removed op,3 vals → removeOperator → EB 48/val → bulk remove all — cleanup includes removed op,yes,pass,https://github.com/ssvlabs/ssv-network/blob/feat/exhaustive-scenario-coverage/test/e2e/cross-cutting/xv-vl-eb.test.ts#L865,,A-ACT-05; A-CHECK-05
cross-cutting,xv-vl-eb.test.ts,XV-026: EB 48 → removeOperator → remove last val — Panic 0x11 underflow,EB 48 → removeOperator → remove last val — Panic 0x11 underflow,yes,pass,https://github.com/ssvlabs/ssv-network/blob/feat/exhaustive-scenario-coverage/test/e2e/cross-cutting/xv-vl-eb.test.ts#L892,,A-ACT-05; A-CHECK-05
cross-cutting,xv-vl-eb.test.ts,XV-049: 2 ops removed → EB → remove last val — both removed ops hit,2 ops removed → EB → remove last val — both removed ops hit,yes,pass,https://github.com/ssvlabs/ssv-network/blob/feat/exhaustive-scenario-coverage/test/e2e/cross-cutting/xv-vl-eb.test.ts#L915,,A-ACT-05; A-CHECK-05
cross-cutting,xv-vl-eb.test.ts,XV-050: EB 48 → removeOperator → register 1 more — removed op vUnits unchanged,EB 48 → removeOperator → register 1 more — removed op vUnits unchanged,yes,pass,https://github.com/ssvlabs/ssv-network/blob/feat/exhaustive-scenario-coverage/test/e2e/cross-cutting/xv-vl-eb.test.ts#L943,,A-ACT-05; A-CHECK-05
cross-cutting,xv-vl-eb.test.ts,XV-027: two clusters share ops — remove from cluster A preserves B's deviation,Two clusters share ops — remove from cluster A preserves B's deviation,yes,pass,https://github.com/ssvlabs/ssv-network/blob/feat/exhaustive-scenario-coverage/test/e2e/cross-cutting/xv-vl-eb.test.ts#L971,,A-ACT-05; A-CHECK-05
cross-cutting,xv-vl-eb.test.ts,XV-029: max EB (2048 ETH) then register — projected vUnits used for liquidity check,Max EB (2048 ETH) then register — projected vUnits used for liquidity check,yes,pass,https://github.com/ssvlabs/ssv-network/blob/feat/exhaustive-scenario-coverage/test/e2e/cross-cutting/xv-vl-eb.test.ts#L1017,,A-ACT-05; A-BOUND-13; A-CHECK-05
cross-cutting,xv-vl-eb.test.ts,XV-030: max EB (2048 ETH) → remove — large deviation cleaned,Max EB (2048 ETH) → remove — large deviation cleaned,yes,pass,https://github.com/ssvlabs/ssv-network/blob/feat/exhaustive-scenario-coverage/test/e2e/cross-cutting/xv-vl-eb.test.ts#L1038,,A-ACT-05; A-CHECK-05
cross-cutting,xv-vl-eb.test.ts,XV-040: non-aligned EB (33 ETH) — precise deviation cleanup,Non-aligned EB (33 ETH) — precise deviation cleanup,yes,pass,https://github.com/ssvlabs/ssv-network/blob/feat/exhaustive-scenario-coverage/test/e2e/cross-cutting/xv-vl-eb.test.ts#L1054,,A-ACT-05; A-CHECK-05; A-PREC-02; A-PREC-03
cross-cutting,xv-vl-eb.test.ts,XV-053: register into EB cluster with deposit 1 wei below threshold — reverts InsufficientBalance,Register into EB cluster with deposit 1 wei below threshold — reverts InsufficientBalance,yes,pass,https://github.com/ssvlabs/ssv-network/blob/feat/exhaustive-scenario-coverage/test/e2e/cross-cutting/xv-vl-eb.test.ts#L1074,,A-ACT-05; A-CHECK-05
cross-cutting,xv-vl-eb.test.ts,XV-031: bulk 50 vals → EB → bulk remove 25 → EB → bulk remove 25,Bulk 50 vals → EB → bulk remove 25 → EB → bulk remove 25,yes,pass,https://github.com/ssvlabs/ssv-network/blob/feat/exhaustive-scenario-coverage/test/e2e/cross-cutting/xv-vl-eb.test.ts#L1100,,A-ACT-05; A-CHECK-05
cross-cutting,xv-vl-eb.test.ts,"XV-046: complex interleave — 10 vals, EB, remove 5, register 3, EB, remove 8","Complex interleave — 10 vals, EB, remove 5, register 3, EB, remove 8",yes,pass,https://github.com/ssvlabs/ssv-network/blob/feat/exhaustive-scenario-coverage/test/e2e/cross-cutting/xv-vl-eb.test.ts#L1135,,A-ACT-05; A-CHECK-05
cross-cutting,xv-vl-eb.test.ts,XV-034: EB → liquidate → reactivate → second EB — deviation restored,EB → liquidate → reactivate → second EB — deviation restored,yes,pass,https://github.com/ssvlabs/ssv-network/blob/feat/exhaustive-scenario-coverage/test/e2e/cross-cutting/xv-vl-eb.test.ts#L1178,,A-ACT-05; A-CHECK-05
cross-cutting,xv-vl-eb.test.ts,"XV-060: exhaustive lifecycle — EB, liquidate, remove val, register, EB, expand, remove all","Exhaustive lifecycle — EB, liquidate, remove val, register, EB, expand, remove all",yes,pass,https://github.com/ssvlabs/ssv-network/blob/feat/exhaustive-scenario-coverage/test/e2e/cross-cutting/xv-vl-eb.test.ts#L1206,,A-ACT-05; A-CHECK-05
cross-cutting,xv-vl-eb.test.ts,XV-061: liquidate → remove subset → reactivate → EB update,Liquidate → remove subset → reactivate → EB update,yes,pass,https://github.com/ssvlabs/ssv-network/blob/feat/exhaustive-scenario-coverage/test/e2e/cross-cutting/xv-vl-eb.test.ts#L1248,,A-ACT-05; A-CHECK-05
cross-cutting,xv-vl-eb.test.ts,XV-062: liquidate → remove subset → reactivate → EB (with removed operator),Liquidate → remove subset → reactivate → EB (with removed operator),yes,pass,https://github.com/ssvlabs/ssv-network/blob/feat/exhaustive-scenario-coverage/test/e2e/cross-cutting/xv-vl-eb.test.ts#L1279,,A-ACT-05; A-CHECK-05
cross-cutting,xv-vl-eb.test.ts,XV-043: deposit between EB and remove — ebSnapshot unchanged,Deposit between EB and remove — ebSnapshot unchanged,yes,pass,https://github.com/ssvlabs/ssv-network/blob/feat/exhaustive-scenario-coverage/test/e2e/cross-cutting/xv-vl-eb.test.ts#L1311,,A-ACT-05; A-CHECK-05
cross-cutting,xv-vl-eb.test.ts,XV-044: withdraw between EB and remove — no double settlement,Withdraw between EB and remove — no double settlement,yes,pass,https://github.com/ssvlabs/ssv-network/blob/feat/exhaustive-scenario-coverage/test/e2e/cross-cutting/xv-vl-eb.test.ts#L1337,,A-ACT-05; A-CHECK-05
cross-cutting,xv-vl-eb.test.ts,XV-045: operator fee change between EB and remove — consistency,Operator fee change between EB and remove — consistency,yes,pass,https://github.com/ssvlabs/ssv-network/blob/feat/exhaustive-scenario-coverage/test/e2e/cross-cutting/xv-vl-eb.test.ts#L1364,,A-ACT-05; A-CHECK-05
cross-cutting,xv-vl-eb.test.ts,XV-047: register and EB update in same block scenario — zero fee delta,Register and EB update in same block scenario — zero fee delta,yes,pass,https://github.com/ssvlabs/ssv-network/blob/feat/exhaustive-scenario-coverage/test/e2e/cross-cutting/xv-vl-eb.test.ts#L1394,,A-ACT-05; A-CHECK-05
cross-cutting,xv-vl-eb.test.ts,XV-048: remove same block as EB update — uses new explicit vUnits,Remove same block as EB update — uses new explicit vUnits,yes,pass,https://github.com/ssvlabs/ssv-network/blob/feat/exhaustive-scenario-coverage/test/e2e/cross-cutting/xv-vl-eb.test.ts#L1408,,A-ACT-05; A-CHECK-05
cross-cutting,xv-vl-eb.test.ts,XV-054: bulk remove with empty pubkeys — reverts ValidatorDoesNotExist,Bulk remove with empty pubkeys — reverts ValidatorDoesNotExist,yes,pass,https://github.com/ssvlabs/ssv-network/blob/feat/exhaustive-scenario-coverage/test/e2e/cross-cutting/xv-vl-eb.test.ts#L1431,,A-ACT-05; A-CHECK-05
cross-cutting,xv-vl-eb.test.ts,XV-055: bulk remove with 1 invalid pubkey in batch — atomic revert preserves EB,Bulk remove with 1 invalid pubkey in batch — atomic revert preserves EB,yes,pass,https://github.com/ssvlabs/ssv-network/blob/feat/exhaustive-scenario-coverage/test/e2e/cross-cutting/xv-vl-eb.test.ts#L1445,,A-ACT-05; A-CHECK-05
dao,da-gap.test.ts,DA-079/DA-096: ETH network fee non-divisible by ETH_DEDUCTED_DIGITS reverts MaxPrecisionExceeded,DA-079/DA-096: ETH network fee non-divisible by ETH_DEDUCTED_DIGITS reverts MaxPrecisionExceeded,yes,pass,https://github.com/ssvlabs/ssv-network/blob/feat/exhaustive-scenario-coverage/test/e2e/dao/da-gap.test.ts#L74,,A-ACT-40; A-ACT-41; A-ACT-42; A-ACT-43; A-ACT-44; A-CHECK-20; A-CHECK-21; A-TEAR-05
dao,da-gap.test.ts,DA-080: SSV network fee non-divisible by DEDUCTED_DIGITS reverts MaxPrecisionExceeded,SSV network fee non-divisible by DEDUCTED_DIGITS reverts MaxPrecisionExceeded,yes,pass,https://github.com/ssvlabs/ssv-network/blob/feat/exhaustive-scenario-coverage/test/e2e/dao/da-gap.test.ts#L81,,A-ACT-40; A-ACT-41; A-ACT-42; A-ACT-43; A-ACT-44; A-CHECK-20; A-CHECK-21; A-TEAR-05
dao,da-gap.test.ts,DA-081: max operator fee non-divisible reverts MaxPrecisionExceeded,Max operator fee non-divisible reverts MaxPrecisionExceeded,yes,pass,https://github.com/ssvlabs/ssv-network/blob/feat/exhaustive-scenario-coverage/test/e2e/dao/da-gap.test.ts#L88,,A-ACT-40; A-ACT-41; A-ACT-42; A-ACT-43; A-ACT-44; A-CHECK-20; A-CHECK-21; A-TEAR-05
dao,da-gap.test.ts,DA-082: min operator fee non-divisible reverts MaxPrecisionExceeded,Min operator fee non-divisible reverts MaxPrecisionExceeded,yes,pass,https://github.com/ssvlabs/ssv-network/blob/feat/exhaustive-scenario-coverage/test/e2e/dao/da-gap.test.ts#L96,,A-ACT-40; A-ACT-41; A-ACT-42; A-ACT-43; A-ACT-44; A-CHECK-20; A-CHECK-21; A-TEAR-05
dao,da-gap.test.ts,DA-085/DA-097: ETH network fee exceeding uint64 max after packing reverts MaxValueExceeded,DA-085/DA-097: ETH network fee exceeding uint64 max after packing reverts MaxValueExceeded,yes,pass,https://github.com/ssvlabs/ssv-network/blob/feat/exhaustive-scenario-coverage/test/e2e/dao/da-gap.test.ts#L103,,A-ACT-40; A-ACT-41; A-ACT-42; A-ACT-43; A-ACT-44; A-CHECK-20; A-CHECK-21; A-TEAR-05
dao,da-gap.test.ts,DA-083: ETH minimum liquidation collateral overflow reverts MaxValueExceeded,ETH minimum liquidation collateral overflow reverts MaxValueExceeded,yes,pass,https://github.com/ssvlabs/ssv-network/blob/feat/exhaustive-scenario-coverage/test/e2e/dao/da-gap.test.ts#L111,,A-ACT-40; A-ACT-41; A-ACT-42; A-ACT-43; A-ACT-44; A-CHECK-20; A-CHECK-21; A-TEAR-05
dao,da-gap.test.ts,DA-084: SSV minimum liquidation collateral overflow reverts MaxValueExceeded,SSV minimum liquidation collateral overflow reverts MaxValueExceeded,yes,pass,https://github.com/ssvlabs/ssv-network/blob/feat/exhaustive-scenario-coverage/test/e2e/dao/da-gap.test.ts#L119,,A-ACT-40; A-ACT-41; A-ACT-42; A-ACT-43; A-ACT-44; A-CHECK-20; A-CHECK-21; A-TEAR-05
dao,da-gap.test.ts,DA-095: max operator fee overflow reverts MaxValueExceeded,Max operator fee overflow reverts MaxValueExceeded,yes,pass,https://github.com/ssvlabs/ssv-network/blob/feat/exhaustive-scenario-coverage/test/e2e/dao/da-gap.test.ts#L127,,A-ACT-40; A-ACT-41; A-ACT-42; A-ACT-43; A-ACT-44; A-CHECK-20; A-CHECK-21; A-TEAR-05
dao,da-gap.test.ts,DA-086: SSV fee update does not affect ETH fee,SSV fee update does not affect ETH fee,yes,pass,https://github.com/ssvlabs/ssv-network/blob/feat/exhaustive-scenario-coverage/test/e2e/dao/da-gap.test.ts#L141,,A-ACT-40; A-ACT-41; A-ACT-42; A-ACT-43; A-ACT-44; A-CHECK-20; A-CHECK-21; A-TEAR-05
dao,da-gap.test.ts,DA-087: ETH fee update does not affect SSV fee,ETH fee update does not affect SSV fee,yes,pass,https://github.com/ssvlabs/ssv-network/blob/feat/exhaustive-scenario-coverage/test/e2e/dao/da-gap.test.ts#L150,,A-ACT-40; A-ACT-41; A-ACT-42; A-ACT-43; A-ACT-44; A-CHECK-20; A-CHECK-21; A-TEAR-05
dao,da-gap.test.ts,DA-057/DA-092: non-owner updateMinBlocksBetweenUpdates reverts,DA-057/DA-092: non-owner updateMinBlocksBetweenUpdates reverts,yes,pass,https://github.com/ssvlabs/ssv-network/blob/feat/exhaustive-scenario-coverage/test/e2e/dao/da-gap.test.ts#L165,,A-ACT-40; A-ACT-41; A-ACT-42; A-ACT-43; A-ACT-44; A-CHECK-20; A-CHECK-21; A-TEAR-05
dao,da-gap.test.ts,DA-037: updateMaximumOperatorFee equal to minimumOperatorEthFee succeeds,UpdateMaximumOperatorFee equal to minimumOperatorEthFee succeeds,yes,pass,https://github.com/ssvlabs/ssv-network/blob/feat/exhaustive-scenario-coverage/test/e2e/dao/da-gap.test.ts#L176,,A-ACT-40; A-ACT-41; A-ACT-42; A-ACT-43; A-ACT-44; A-CHECK-20; A-CHECK-21; A-TEAR-05
dao,da-gap.test.ts,DA-040: updateMinimumOperatorEthFee equal to operatorMaxFee succeeds,UpdateMinimumOperatorEthFee equal to operatorMaxFee succeeds,yes,pass,https://github.com/ssvlabs/ssv-network/blob/feat/exhaustive-scenario-coverage/test/e2e/dao/da-gap.test.ts#L183,,A-ACT-40; A-ACT-41; A-ACT-42; A-ACT-43; A-ACT-44; A-CHECK-20; A-CHECK-21; A-TEAR-05
dao,da-gap.test.ts,DA-070: updateLiquidationThresholdPeriod to max uint64 succeeds,UpdateLiquidationThresholdPeriod to max uint64 succeeds,yes,pass,https://github.com/ssvlabs/ssv-network/blob/feat/exhaustive-scenario-coverage/test/e2e/dao/da-gap.test.ts#L190,,A-ACT-40; A-ACT-41; A-ACT-42; A-ACT-43; A-ACT-44; A-CHECK-20; A-CHECK-21; A-TEAR-05
dao,da-gap.test.ts,DA-093: withdrawNetworkSSVEarnings with 0 amount succeeds (no-op),WithdrawNetworkSSVEarnings with 0 amount succeeds (no-op),yes,pass,https://github.com/ssvlabs/ssv-network/blob/feat/exhaustive-scenario-coverage/test/e2e/dao/da-gap.test.ts#L197,,A-ACT-40; A-ACT-41; A-ACT-42; A-ACT-43; A-ACT-44; A-CHECK-20; A-CHECK-21; A-TEAR-05
dao,da-gap.test.ts,DA-013: withdrawNetworkSSVEarnings with amount > 0 when no clusters reverts InsufficientBalance,WithdrawNetworkSSVEarnings with amount > 0 when no clusters reverts InsufficientBalance,yes,pass,https://github.com/ssvlabs/ssv-network/blob/feat/exhaustive-scenario-coverage/test/e2e/dao/da-gap.test.ts#L206,,A-ACT-40; A-ACT-41; A-ACT-42; A-ACT-43; A-ACT-44; A-CHECK-20; A-CHECK-21; A-TEAR-05
dao,da-gap.test.ts,DA-059: setFeeRecipientAddress to zero address emits event,SetFeeRecipientAddress to zero address emits event,yes,pass,https://github.com/ssvlabs/ssv-network/blob/feat/exhaustive-scenario-coverage/test/e2e/dao/da-gap.test.ts#L215,,A-ACT-40; A-ACT-41; A-ACT-42; A-ACT-43; A-ACT-44; A-CHECK-20; A-CHECK-21; A-TEAR-05
dao,da-gap.test.ts,DA-060: updateModule to valid contract address succeeds,UpdateModule to valid contract address succeeds,yes,pass,https://github.com/ssvlabs/ssv-network/blob/feat/exhaustive-scenario-coverage/test/e2e/dao/da-gap.test.ts#L228,,A-ACT-40; A-ACT-41; A-ACT-42; A-ACT-43; A-ACT-44; A-CHECK-20; A-CHECK-21; A-TEAR-05
dao,da-gap.test.ts,DA-061: updateModule to EOA address reverts TargetModuleDoesNotExistWithData,UpdateModule to EOA address reverts TargetModuleDoesNotExistWithData,yes,pass,https://github.com/ssvlabs/ssv-network/blob/feat/exhaustive-scenario-coverage/test/e2e/dao/da-gap.test.ts#L241,,A-ACT-40; A-ACT-41; A-ACT-42; A-ACT-43; A-ACT-44; A-CHECK-20; A-CHECK-21; A-TEAR-05
dao,da-gap.test.ts,DA-090: updateModule to zero address reverts TargetModuleDoesNotExistWithData,UpdateModule to zero address reverts TargetModuleDoesNotExistWithData,yes,pass,https://github.com/ssvlabs/ssv-network/blob/feat/exhaustive-scenario-coverage/test/e2e/dao/da-gap.test.ts#L248,,A-ACT-40; A-ACT-41; A-ACT-42; A-ACT-43; A-ACT-44; A-CHECK-20; A-CHECK-21; A-TEAR-05
dao,da-gap.test.ts,DA-088: replaceOracle into empty slot (first assignment) succeeds,ReplaceOracle into empty slot (first assignment) succeeds,yes,pass,https://github.com/ssvlabs/ssv-network/blob/feat/exhaustive-scenario-coverage/test/e2e/dao/da-gap.test.ts#L261,,A-ACT-40; A-ACT-41; A-ACT-42; A-ACT-43; A-ACT-44; A-CHECK-20; A-CHECK-21; A-TEAR-05
dao,da-gap.test.ts,"DA-107: replaceOracle into empty slot, then evicted address becomes reusable","ReplaceOracle into empty slot, then evicted address becomes reusable",yes,pass,https://github.com/ssvlabs/ssv-network/blob/feat/exhaustive-scenario-coverage/test/e2e/dao/da-gap.test.ts#L269,,A-ACT-40; A-ACT-41; A-ACT-42; A-ACT-43; A-ACT-44; A-CHECK-20; A-CHECK-21; A-TEAR-05
dao,da-gap.test.ts,"DA-007: SSV fee increase — event emits correct old and new fee, index updated","SSV fee increase — event emits correct old and new fee, index updated",yes,pass,https://github.com/ssvlabs/ssv-network/blob/feat/exhaustive-scenario-coverage/test/e2e/dao/da-gap.test.ts#L295,,A-ACT-40; A-ACT-41; A-ACT-42; A-ACT-43; A-ACT-44; A-CHECK-20; A-CHECK-21; A-TEAR-05
dao,da-gap.test.ts,DA-108: SSV fee continuity — successive updates settle correctly,SSV fee continuity — successive updates settle correctly,yes,pass,https://github.com/ssvlabs/ssv-network/blob/feat/exhaustive-scenario-coverage/test/e2e/dao/da-gap.test.ts#L317,,A-ACT-40; A-ACT-41; A-ACT-42; A-ACT-43; A-ACT-44; A-CHECK-20; A-CHECK-21; A-TEAR-05
dao,da-gap.test.ts,DA-063: ETH network fee change mid-cluster produces correct two-phase fee accrual,ETH network fee change mid-cluster produces correct two-phase fee accrual,yes,pass,https://github.com/ssvlabs/ssv-network/blob/feat/exhaustive-scenario-coverage/test/e2e/dao/da-gap.test.ts#L344,,A-ACT-40; A-ACT-41; A-ACT-42; A-ACT-43; A-ACT-44; A-CHECK-20; A-CHECK-21; A-TEAR-05
dao,da-gap.test.ts,DA-064: threshold increase retroactively makes existing cluster liquidatable,Threshold increase retroactively makes existing cluster liquidatable,yes,pass,https://github.com/ssvlabs/ssv-network/blob/feat/exhaustive-scenario-coverage/test/e2e/dao/da-gap.test.ts#L392,,A-ACT-40; A-ACT-41; A-ACT-42; A-ACT-43; A-ACT-44; A-CHECK-20; A-CHECK-21; A-TEAR-05
dao,da-gap.test.ts,DA-065: minimum collateral increase blocks reactivation with insufficient deposit,Minimum collateral increase blocks reactivation with insufficient deposit,yes,pass,https://github.com/ssvlabs/ssv-network/blob/feat/exhaustive-scenario-coverage/test/e2e/dao/da-gap.test.ts#L425,,A-ACT-40; A-ACT-41; A-ACT-42; A-ACT-43; A-ACT-44; A-CHECK-20; A-CHECK-21; A-TEAR-05
dao,da-gap.test.ts,DA-066: lowered max operator fee blocks pending declared fee execution,Lowered max operator fee blocks pending declared fee execution,yes,pass,https://github.com/ssvlabs/ssv-network/blob/feat/exhaustive-scenario-coverage/test/e2e/dao/da-gap.test.ts#L468,,A-ACT-40; A-ACT-41; A-ACT-42; A-ACT-43; A-ACT-44; A-CHECK-20; A-CHECK-21; A-TEAR-05
dao,da-gap.test.ts,DA-067: increased min operator fee blocks new operator registration below new min,Increased min operator fee blocks new operator registration below new min,yes,pass,https://github.com/ssvlabs/ssv-network/blob/feat/exhaustive-scenario-coverage/test/e2e/dao/da-gap.test.ts#L494,,A-ACT-40; A-ACT-41; A-ACT-42; A-ACT-43; A-ACT-44; A-CHECK-20; A-CHECK-21; A-TEAR-05
dao,da-gap.test.ts,DA-104: fee increase limit 0 blocks any positive fee increase declaration,Fee increase limit 0 blocks any positive fee increase declaration,yes,pass,https://github.com/ssvlabs/ssv-network/blob/feat/exhaustive-scenario-coverage/test/e2e/dao/da-gap.test.ts#L514,,A-ACT-40; A-ACT-41; A-ACT-42; A-ACT-43; A-ACT-44; A-CHECK-20; A-CHECK-21; A-TEAR-05
dao,da-gap.test.ts,DA-105: zero declare+execute periods enable same-block declare+execute,Zero declare+execute periods enable same-block declare+execute,yes,pass,https://github.com/ssvlabs/ssv-network/blob/feat/exhaustive-scenario-coverage/test/e2e/dao/da-gap.test.ts#L531,,A-ACT-40; A-ACT-41; A-ACT-42; A-ACT-43; A-ACT-44; A-CHECK-20; A-CHECK-21; A-TEAR-05
dao,da-gap.test.ts,DA-106: period change does not retroactively affect stored fee declaration windows,Period change does not retroactively affect stored fee declaration windows,yes,pass,https://github.com/ssvlabs/ssv-network/blob/feat/exhaustive-scenario-coverage/test/e2e/dao/da-gap.test.ts#L558,,A-ACT-40; A-ACT-41; A-ACT-42; A-ACT-43; A-ACT-44; A-CHECK-20; A-CHECK-21; A-TEAR-05
dao,da-gap.test.ts,DA-109: ETH threshold change does not affect SSV threshold,ETH threshold change does not affect SSV threshold,yes,pass,https://github.com/ssvlabs/ssv-network/blob/feat/exhaustive-scenario-coverage/test/e2e/dao/da-gap.test.ts#L582,,A-ACT-40; A-ACT-41; A-ACT-42; A-ACT-43; A-ACT-44; A-CHECK-20; A-CHECK-21; A-TEAR-05
dao,da-gap.test.ts,DA-110: cooldown duration change feeds into SSVStaking requestUnstake,Cooldown duration change feeds into SSVStaking requestUnstake,yes,pass,https://github.com/ssvlabs/ssv-network/blob/feat/exhaustive-scenario-coverage/test/e2e/dao/da-gap.test.ts#L605,,A-ACT-40; A-ACT-41; A-ACT-42; A-ACT-43; A-ACT-44; A-CHECK-20; A-CHECK-21; A-TEAR-05
dao,da-gap.test.ts,DA-111: minBlocksBetweenUpdates change feeds into SSVClusters updateClusterBalance,MinBlocksBetweenUpdates change feeds into SSVClusters updateClusterBalance,yes,pass,https://github.com/ssvlabs/ssv-network/blob/feat/exhaustive-scenario-coverage/test/e2e/dao/da-gap.test.ts#L647,,A-ACT-40; A-ACT-41; A-ACT-42; A-ACT-43; A-ACT-44; A-CHECK-20; A-CHECK-21; A-TEAR-05
effective-balance,eb-edge-cases.test.ts,Reverts when effectiveBalance is below minimum (< validatorCount * 32),Reverts when effectiveBalance is below minimum (< validatorCount * 32),no,pass,https://github.com/ssvlabs/ssv-network/blob/feat/exhaustive-scenario-coverage/test/e2e/effective-balance/eb-edge-cases.test.ts#L145,,A-BOUND-13; A-BOUND-14; A-EB-02; A-EB-03; A-EB-04; A-EB-05
effective-balance,eb-edge-cases.test.ts,Succeeds when effectiveBalance is exactly at minimum (validatorCount * 32),Succeeds when effectiveBalance is exactly at minimum (validatorCount * 32),no,pass,https://github.com/ssvlabs/ssv-network/blob/feat/exhaustive-scenario-coverage/test/e2e/effective-balance/eb-edge-cases.test.ts#L163,,A-BOUND-13; A-BOUND-14; A-EB-02; A-EB-03; A-EB-04; A-EB-05
effective-balance,eb-edge-cases.test.ts,Reverts when effectiveBalance exceeds maximum (> validatorCount * 2048),Reverts when effectiveBalance exceeds maximum (> validatorCount * 2048),no,pass,https://github.com/ssvlabs/ssv-network/blob/feat/exhaustive-scenario-coverage/test/e2e/effective-balance/eb-edge-cases.test.ts#L181,,A-BOUND-13; A-BOUND-14; A-EB-02; A-EB-03; A-EB-04; A-EB-05
effective-balance,eb-edge-cases.test.ts,Succeeds when effectiveBalance is exactly at maximum (validatorCount * 2048),Succeeds when effectiveBalance is exactly at maximum (validatorCount * 2048),no,pass,https://github.com/ssvlabs/ssv-network/blob/feat/exhaustive-scenario-coverage/test/e2e/effective-balance/eb-edge-cases.test.ts#L199,,A-BOUND-13; A-BOUND-14; A-EB-02; A-EB-03; A-EB-04; A-EB-05
effective-balance,eb-edge-cases.test.ts,Accepts a valid merkle proof,Accepts a valid merkle proof,no,pass,https://github.com/ssvlabs/ssv-network/blob/feat/exhaustive-scenario-coverage/test/e2e/effective-balance/eb-edge-cases.test.ts#L219,,A-BOUND-13; A-BOUND-14; A-EB-02; A-EB-03; A-EB-04; A-EB-05
effective-balance,eb-edge-cases.test.ts,Reverts with invalid proof path,Reverts with invalid proof path,no,pass,https://github.com/ssvlabs/ssv-network/blob/feat/exhaustive-scenario-coverage/test/e2e/effective-balance/eb-edge-cases.test.ts#L237,,A-BOUND-13; A-BOUND-14; A-EB-02; A-EB-03; A-EB-04; A-EB-05
effective-balance,eb-edge-cases.test.ts,Reverts when proof is for a different cluster,Reverts when proof is for a different cluster,no,pass,https://github.com/ssvlabs/ssv-network/blob/feat/exhaustive-scenario-coverage/test/e2e/effective-balance/eb-edge-cases.test.ts#L256,,A-BOUND-13; A-BOUND-14; A-EB-02; A-EB-03; A-EB-04; A-EB-05
effective-balance,eb-edge-cases.test.ts,Reverts when EB value doesn't match the proof,Reverts when EB value doesn't match the proof,no,pass,https://github.com/ssvlabs/ssv-network/blob/feat/exhaustive-scenario-coverage/test/e2e/effective-balance/eb-edge-cases.test.ts#L275,,A-BOUND-13; A-BOUND-14; A-EB-02; A-EB-03; A-EB-04; A-EB-05
effective-balance,eb-edge-cases.test.ts,Reverts when update is too frequent (minBlocksBetweenUpdates),Reverts when update is too frequent (minBlocksBetweenUpdates),no,pass,https://github.com/ssvlabs/ssv-network/blob/feat/exhaustive-scenario-coverage/test/e2e/effective-balance/eb-edge-cases.test.ts#L295,,A-BOUND-13; A-BOUND-14; A-EB-02; A-EB-03; A-EB-04; A-EB-05
effective-balance,eb-edge-cases.test.ts,Succeeds when enough blocks have passed,Succeeds when enough blocks have passed,no,pass,https://github.com/ssvlabs/ssv-network/blob/feat/exhaustive-scenario-coverage/test/e2e/effective-balance/eb-edge-cases.test.ts#L322,,A-BOUND-13; A-BOUND-14; A-EB-02; A-EB-03; A-EB-04; A-EB-05
effective-balance,eb-edge-cases.test.ts,First update always passes frequency check (lastUpdateBlock == 0),First update always passes frequency check (lastUpdateBlock == 0),no,pass,https://github.com/ssvlabs/ssv-network/blob/feat/exhaustive-scenario-coverage/test/e2e/effective-balance/eb-edge-cases.test.ts#L349,,A-BOUND-13; A-BOUND-14; A-EB-02; A-EB-03; A-EB-04; A-EB-05
effective-balance,eb-edge-cases.test.ts,Reverts with MustUseLatestRoot when a newer root has already been committed,Reverts with MustUseLatestRoot when a newer root has already been committed,no,pass,https://github.com/ssvlabs/ssv-network/blob/feat/exhaustive-scenario-coverage/test/e2e/effective-balance/eb-edge-cases.test.ts#L369,,A-BOUND-13; A-BOUND-14; A-EB-02; A-EB-03; A-EB-04; A-EB-05
effective-balance,eb-edge-cases.test.ts,Reverts with StaleUpdate when replaying the latest root after a successful update,Reverts with StaleUpdate when replaying the latest root after a successful update,no,pass,https://github.com/ssvlabs/ssv-network/blob/feat/exhaustive-scenario-coverage/test/e2e/effective-balance/eb-edge-cases.test.ts#L397,,A-BOUND-13; A-BOUND-14; A-EB-02; A-EB-03; A-EB-04; A-EB-05
effective-balance,eb-edge-cases.test.ts,First update always passes staleness check (lastRootBlockNum == 0),First update always passes staleness check (lastRootBlockNum == 0),no,pass,https://github.com/ssvlabs/ssv-network/blob/feat/exhaustive-scenario-coverage/test/e2e/effective-balance/eb-edge-cases.test.ts#L417,,A-BOUND-13; A-BOUND-14; A-EB-02; A-EB-03; A-EB-04; A-EB-05
effective-balance,eb-edge-cases.test.ts,Reverts with MustUseLatestRoot when trying to use an older root after two updates,Reverts with MustUseLatestRoot when trying to use an older root after two updates,no,pass,https://github.com/ssvlabs/ssv-network/blob/feat/exhaustive-scenario-coverage/test/e2e/effective-balance/eb-edge-cases.test.ts#L435,,A-BOUND-13; A-BOUND-14; A-EB-02; A-EB-03; A-EB-04; A-EB-05
effective-balance,eb-edge-cases.test.ts,RootNotFound: reverts when no root committed for blockNum,RootNotFound: reverts when no root committed for blockNum,no,pass,https://github.com/ssvlabs/ssv-network/blob/feat/exhaustive-scenario-coverage/test/e2e/effective-balance/eb-edge-cases.test.ts#L461,,A-BOUND-13; A-BOUND-14; A-EB-02; A-EB-03; A-EB-04; A-EB-05
effective-balance,eb-gap.test.ts,"EB-032: 7-op ETH cluster, EB 32 ETH/val — event + snapshot update","7-op ETH cluster, EB 32 ETH/val — event + snapshot update",yes,pass,https://github.com/ssvlabs/ssv-network/blob/feat/exhaustive-scenario-coverage/test/e2e/effective-balance/eb-gap.test.ts#L227,,A-ACT-12; A-BATCH-06; A-BOUND-21; A-CHECK-05; A-CHECK-23; A-EB-01; A-EB-05; A-EB-06; A-LIQ-02; A-PREC-02; A-PREC-03; A-SETUP-03; A-SETUP-09
effective-balance,eb-gap.test.ts,"EB-033: 10-op ETH cluster, EB 32 ETH/val — baseline no-op","10-op ETH cluster, EB 32 ETH/val — baseline no-op",yes,pass,https://github.com/ssvlabs/ssv-network/blob/feat/exhaustive-scenario-coverage/test/e2e/effective-balance/eb-gap.test.ts#L260,,A-ACT-12; A-BATCH-06; A-BOUND-21; A-CHECK-05; A-CHECK-23; A-EB-01; A-EB-05; A-EB-06; A-LIQ-02; A-PREC-02; A-PREC-03; A-SETUP-03; A-SETUP-09
effective-balance,eb-gap.test.ts,"EB-041: 7-op, 3-val, EB increase 32→48/val — deviation 15000 vUnits total","7-op, 3-val, EB increase 32→48/val — deviation 15000 vUnits total",yes,pass,https://github.com/ssvlabs/ssv-network/blob/feat/exhaustive-scenario-coverage/test/e2e/effective-balance/eb-gap.test.ts#L286,,A-ACT-12; A-BATCH-06; A-BOUND-21; A-CHECK-05; A-CHECK-23; A-EB-01; A-EB-05; A-EB-06; A-LIQ-02; A-PREC-02; A-PREC-03; A-SETUP-03; A-SETUP-09
effective-balance,eb-gap.test.ts,EB-073: 7-op deviation — each operator gets FULL delta (not divided),7-op deviation — each operator gets FULL delta (not divided),yes,pass,https://github.com/ssvlabs/ssv-network/blob/feat/exhaustive-scenario-coverage/test/e2e/effective-balance/eb-gap.test.ts#L327,,A-ACT-12; A-BATCH-06; A-BOUND-21; A-CHECK-05; A-CHECK-23; A-EB-01; A-EB-05; A-EB-06; A-LIQ-02; A-PREC-02; A-PREC-03; A-SETUP-03; A-SETUP-09
effective-balance,eb-gap.test.ts,EB-074: 10-op deviation — all 10 get identical delta,10-op deviation — all 10 get identical delta,yes,pass,https://github.com/ssvlabs/ssv-network/blob/feat/exhaustive-scenario-coverage/test/e2e/effective-balance/eb-gap.test.ts#L356,,A-ACT-12; A-BATCH-06; A-BOUND-21; A-CHECK-05; A-CHECK-23; A-EB-01; A-EB-05; A-EB-06; A-LIQ-02; A-PREC-02; A-PREC-03; A-SETUP-03; A-SETUP-09
effective-balance,eb-gap.test.ts,EB-078: 33→34 ETH precision step — delta = 312 per operator,33→34 ETH precision step — delta = 312 per operator,yes,pass,https://github.com/ssvlabs/ssv-network/blob/feat/exhaustive-scenario-coverage/test/e2e/effective-balance/eb-gap.test.ts#L392,,A-ACT-12; A-BATCH-06; A-BOUND-21; A-CHECK-05; A-CHECK-23; A-EB-01; A-EB-05; A-EB-06; A-LIQ-02; A-PREC-02; A-PREC-03; A-SETUP-03; A-SETUP-09
effective-balance,eb-gap.test.ts,EB-090: vUnits round-trip — multiples of 32 produce exact round-trip values,VUnits round-trip — multiples of 32 produce exact round-trip values,yes,pass,https://github.com/ssvlabs/ssv-network/blob/feat/exhaustive-scenario-coverage/test/e2e/effective-balance/eb-gap.test.ts#L434,,A-ACT-12; A-BATCH-06; A-BOUND-21; A-CHECK-05; A-CHECK-23; A-EB-01; A-EB-05; A-EB-06; A-LIQ-02; A-PREC-02; A-PREC-03; A-SETUP-03; A-SETUP-09
effective-balance,eb-gap.test.ts,EB-091: vUnits round-trip asymmetry — 33 ETH → 10313 vUnits → floor back to 33,VUnits round-trip asymmetry — 33 ETH → 10313 vUnits → floor back to 33,yes,pass,https://github.com/ssvlabs/ssv-network/blob/feat/exhaustive-scenario-coverage/test/e2e/effective-balance/eb-gap.test.ts#L466,,A-ACT-12; A-BATCH-06; A-BOUND-21; A-CHECK-05; A-CHECK-23; A-EB-01; A-EB-05; A-EB-06; A-LIQ-02; A-PREC-02; A-PREC-03; A-SETUP-03; A-SETUP-09
effective-balance,eb-gap.test.ts,"EB-080: 10-validator cluster at 32 ETH baseline — 100000 vUnits, no deviation","10-validator cluster at 32 ETH baseline — 100000 vUnits, no deviation",yes,pass,https://github.com/ssvlabs/ssv-network/blob/feat/exhaustive-scenario-coverage/test/e2e/effective-balance/eb-gap.test.ts#L508,,A-ACT-12; A-BATCH-06; A-BOUND-21; A-CHECK-05; A-CHECK-23; A-EB-01; A-EB-05; A-EB-06; A-LIQ-02; A-PREC-02; A-PREC-03; A-SETUP-03; A-SETUP-09
effective-balance,eb-gap.test.ts,EB-081: 10-validator cluster at max EB (2048/val) — massive deviation,10-validator cluster at max EB (2048/val) — massive deviation,yes,pass,https://github.com/ssvlabs/ssv-network/blob/feat/exhaustive-scenario-coverage/test/e2e/effective-balance/eb-gap.test.ts#L540,,A-ACT-12; A-BATCH-06; A-BOUND-21; A-CHECK-05; A-CHECK-23; A-EB-01; A-EB-05; A-EB-06; A-LIQ-02; A-PREC-02; A-PREC-03; A-SETUP-03; A-SETUP-09
effective-balance,eb-gap.test.ts,EB-055: THE BUG — removeOp + EB increase writes deviation to removed op's operatorEthVUnits,THE BUG — removeOp + EB increase writes deviation to removed op's operatorEthVUnits,yes,pass,https://github.com/ssvlabs/ssv-network/blob/feat/exhaustive-scenario-coverage/test/e2e/effective-balance/eb-gap.test.ts#L586,,A-ACT-12; A-BATCH-06; A-BOUND-21; A-CHECK-05; A-CHECK-23; A-EB-01; A-EB-05; A-EB-06; A-LIQ-02; A-PREC-02; A-PREC-03; A-SETUP-03; A-SETUP-09
effective-balance,eb-gap.test.ts,EB-057: auto-liquidation with removed op — deviation cleanup on all ops including removed,Auto-liquidation with removed op — deviation cleanup on all ops including removed,yes,pass,https://github.com/ssvlabs/ssv-network/blob/feat/exhaustive-scenario-coverage/test/e2e/effective-balance/eb-gap.test.ts#L637,,A-ACT-12; A-BATCH-06; A-BOUND-21; A-CHECK-05; A-CHECK-23; A-EB-01; A-EB-05; A-EB-06; A-LIQ-02; A-PREC-02; A-PREC-03; A-SETUP-03; A-SETUP-09
effective-balance,eb-gap.test.ts,EB-069: two sequential EB updates with operator removal between them,Two sequential EB updates with operator removal between them,yes,pass,https://github.com/ssvlabs/ssv-network/blob/feat/exhaustive-scenario-coverage/test/e2e/effective-balance/eb-gap.test.ts#L691,,A-ACT-12; A-BATCH-06; A-BOUND-21; A-CHECK-05; A-CHECK-23; A-EB-01; A-EB-05; A-EB-06; A-LIQ-02; A-PREC-02; A-PREC-03; A-SETUP-03; A-SETUP-09
effective-balance,eb-gap.test.ts,EB-103/EB-114: removed op + EB decrease — subtraction underflows removed op's zero vUnits,EB-103/EB-114: removed op + EB decrease — subtraction underflows removed op's zero vUnits,yes,pass,https://github.com/ssvlabs/ssv-network/blob/feat/exhaustive-scenario-coverage/test/e2e/effective-balance/eb-gap.test.ts#L743,,A-ACT-12; A-BATCH-06; A-BOUND-21; A-CHECK-05; A-CHECK-23; A-EB-01; A-EB-05; A-EB-06; A-LIQ-02; A-PREC-02; A-PREC-03; A-SETUP-03; A-SETUP-09
effective-balance,eb-gap.test.ts,EB-104/EB-115: auto-liquidation skips ethValidatorCount decrement for removed ops,EB-104/EB-115: auto-liquidation skips ethValidatorCount decrement for removed ops,yes,pass,https://github.com/ssvlabs/ssv-network/blob/feat/exhaustive-scenario-coverage/test/e2e/effective-balance/eb-gap.test.ts#L783,,A-ACT-12; A-BATCH-06; A-BOUND-21; A-CHECK-05; A-CHECK-23; A-EB-01; A-EB-05; A-EB-06; A-LIQ-02; A-PREC-02; A-PREC-03; A-SETUP-03; A-SETUP-09
effective-balance,eb-gap.test.ts,EB-102: 32 ETH floor prevents below-baseline deviation underflow in _executeLiquidation,32 ETH floor prevents below-baseline deviation underflow in _executeLiquidation,yes,pass,https://github.com/ssvlabs/ssv-network/blob/feat/exhaustive-scenario-coverage/test/e2e/effective-balance/eb-gap.test.ts#L830,,A-ACT-12; A-BATCH-06; A-BOUND-21; A-CHECK-05; A-CHECK-23; A-EB-01; A-EB-05; A-EB-06; A-LIQ-02; A-PREC-02; A-PREC-03; A-SETUP-03; A-SETUP-09
effective-balance,eb-gap.test.ts,EB-106: cluster.balance == 0 after settlement — liquidation succeeds with 0 bounty,Cluster.balance == 0 after settlement — liquidation succeeds with 0 bounty,yes,pass,https://github.com/ssvlabs/ssv-network/blob/feat/exhaustive-scenario-coverage/test/e2e/effective-balance/eb-gap.test.ts#L871,,A-ACT-12; A-BATCH-06; A-BOUND-21; A-CHECK-05; A-CHECK-23; A-EB-01; A-EB-05; A-EB-06; A-LIQ-02; A-PREC-02; A-PREC-03; A-SETUP-03; A-SETUP-09
effective-balance,eb-gap.test.ts,EB-107: zero burn rate + balance below minimumLiquidationCollateral — floor triggers liquidation,Zero burn rate + balance below minimumLiquidationCollateral — floor triggers liquidation,yes,pass,https://github.com/ssvlabs/ssv-network/blob/feat/exhaustive-scenario-coverage/test/e2e/effective-balance/eb-gap.test.ts#L901,,A-ACT-12; A-BATCH-06; A-BOUND-21; A-CHECK-05; A-CHECK-23; A-EB-01; A-EB-05; A-EB-06; A-LIQ-02; A-PREC-02; A-PREC-03; A-SETUP-03; A-SETUP-09
effective-balance,eb-gap.test.ts,EB-116: explicit-baseline vUnits in _executeLiquidation — no deviation cleanup needed,Explicit-baseline vUnits in _executeLiquidation — no deviation cleanup needed,yes,pass,https://github.com/ssvlabs/ssv-network/blob/feat/exhaustive-scenario-coverage/test/e2e/effective-balance/eb-gap.test.ts#L956,,A-ACT-12; A-BATCH-06; A-BOUND-21; A-CHECK-05; A-CHECK-23; A-EB-01; A-EB-05; A-EB-06; A-LIQ-02; A-PREC-02; A-PREC-03; A-SETUP-03; A-SETUP-09
effective-balance,eb-gap.test.ts,"EB-119: zero-payout auto-liquidation — balanceLiquidatable == 0, ETH transfer skipped","Zero-payout auto-liquidation — balanceLiquidatable == 0, ETH transfer skipped",yes,pass,https://github.com/ssvlabs/ssv-network/blob/feat/exhaustive-scenario-coverage/test/e2e/effective-balance/eb-gap.test.ts#L1002,,A-ACT-12; A-BATCH-06; A-BOUND-21; A-CHECK-05; A-CHECK-23; A-EB-01; A-EB-05; A-EB-06; A-LIQ-02; A-PREC-02; A-PREC-03; A-SETUP-03; A-SETUP-09
effective-balance,eb-gap.test.ts,EB-059: two different clusters update in same block using same root,Two different clusters update in same block using same root,yes,pass,https://github.com/ssvlabs/ssv-network/blob/feat/exhaustive-scenario-coverage/test/e2e/effective-balance/eb-gap.test.ts#L1051,,A-ACT-12; A-BATCH-06; A-BOUND-21; A-CHECK-05; A-CHECK-23; A-EB-01; A-EB-05; A-EB-06; A-LIQ-02; A-PREC-02; A-PREC-03; A-SETUP-03; A-SETUP-09
effective-balance,eb-gap.test.ts,EB-109: staleness boundary — blockNum == latestCommittedBlock AND > lastRootBlockNum succeeds,Staleness boundary — blockNum == latestCommittedBlock AND > lastRootBlockNum succeeds,yes,pass,https://github.com/ssvlabs/ssv-network/blob/feat/exhaustive-scenario-coverage/test/e2e/effective-balance/eb-gap.test.ts#L1146,,A-ACT-12; A-BATCH-06; A-BOUND-21; A-CHECK-05; A-CHECK-23; A-EB-01; A-EB-05; A-EB-06; A-LIQ-02; A-PREC-02; A-PREC-03; A-SETUP-03; A-SETUP-09
effective-balance,eb-gap.test.ts,EB-112: non-existent cluster — reverts ClusterDoesNotExist,Non-existent cluster — reverts ClusterDoesNotExist,yes,pass,https://github.com/ssvlabs/ssv-network/blob/feat/exhaustive-scenario-coverage/test/e2e/effective-balance/eb-gap.test.ts#L1199,,A-ACT-12; A-BATCH-06; A-BOUND-21; A-CHECK-05; A-CHECK-23; A-EB-01; A-EB-05; A-EB-06; A-LIQ-02; A-PREC-02; A-PREC-03; A-SETUP-03; A-SETUP-09
effective-balance,eb-gap.test.ts,EB-113: incorrect cluster state — reverts IncorrectClusterState,Incorrect cluster state — reverts IncorrectClusterState,yes,pass,https://github.com/ssvlabs/ssv-network/blob/feat/exhaustive-scenario-coverage/test/e2e/effective-balance/eb-gap.test.ts#L1226,,A-ACT-12; A-BATCH-06; A-BOUND-21; A-CHECK-05; A-CHECK-23; A-EB-01; A-EB-05; A-EB-06; A-LIQ-02; A-PREC-02; A-PREC-03; A-SETUP-03; A-SETUP-09
effective-balance,eb-gap.test.ts,"EB-118: liquidated SSV cluster — EB update stores snapshot only, no deviation changes","Liquidated SSV cluster — EB update stores snapshot only, no deviation changes",yes,pass,https://github.com/ssvlabs/ssv-network/blob/feat/exhaustive-scenario-coverage/test/e2e/effective-balance/eb-gap.test.ts#L1269,,A-ACT-12; A-BATCH-06; A-BOUND-21; A-CHECK-05; A-CHECK-23; A-EB-01; A-EB-05; A-EB-06; A-LIQ-02; A-PREC-02; A-PREC-03; A-SETUP-03; A-SETUP-09
effective-balance,eb-gap.test.ts,EB-031e: quorum step-function boundaries at 2501 and 7501 BPS,EB-031e: quorum step-function boundaries at 2501 and 7501 BPS,yes,pass,https://github.com/ssvlabs/ssv-network/blob/feat/exhaustive-scenario-coverage/test/e2e/effective-balance/eb-gap.test.ts#L1344,,A-ACT-12; A-BATCH-06; A-BOUND-21; A-CHECK-05; A-CHECK-23; A-EB-01; A-EB-05; A-EB-06; A-LIQ-02; A-PREC-02; A-PREC-03; A-SETUP-03; A-SETUP-09
effective-balance,eb-gap.test.ts,EB-031f: replace oracle mid-round BEFORE that slot has voted — new oracle can vote,EB-031f: replace oracle mid-round BEFORE that slot has voted — new oracle can vote,yes,pass,https://github.com/ssvlabs/ssv-network/blob/feat/exhaustive-scenario-coverage/test/e2e/effective-balance/eb-gap.test.ts#L1411,,A-ACT-12; A-BATCH-06; A-BOUND-21; A-CHECK-05; A-CHECK-23; A-EB-01; A-EB-05; A-EB-06; A-LIQ-02; A-PREC-02; A-PREC-03; A-SETUP-03; A-SETUP-09
effective-balance,eb-operator-vunits.test.ts,Accumulates vUnit deviations from multiple clusters for the same operator,Accumulates vUnit deviations from multiple clusters for the same operator,no,pass,https://github.com/ssvlabs/ssv-network/blob/feat/exhaustive-scenario-coverage/test/e2e/effective-balance/eb-operator-vunits.test.ts#L105,,
effective-balance,eb-updates.test.ts,Transitions from implicit to explicit vUnits with no deviation change,Transitions from implicit to explicit vUnits with no deviation change,no,pass,https://github.com/ssvlabs/ssv-network/blob/feat/exhaustive-scenario-coverage/test/e2e/effective-balance/eb-updates.test.ts#L239,,A-ACT-12; A-CHECK-05; A-SETUP-09
effective-balance,eb-updates.test.ts,Updates vUnits upward and increases the fee burn rate proportionally,Updates vUnits upward and increases the fee burn rate proportionally,no,pass,https://github.com/ssvlabs/ssv-network/blob/feat/exhaustive-scenario-coverage/test/e2e/effective-balance/eb-updates.test.ts#L266,,A-ACT-12; A-CHECK-05; A-SETUP-09
effective-balance,eb-updates.test.ts,Updates vUnits downward and decreases the fee burn rate,Updates vUnits downward and decreases the fee burn rate,no,pass,https://github.com/ssvlabs/ssv-network/blob/feat/exhaustive-scenario-coverage/test/e2e/effective-balance/eb-updates.test.ts#L323,,A-ACT-12; A-CHECK-05; A-SETUP-09
effective-balance,eb-updates.test.ts,Auto-liquidates cluster when EB increase pushes balance below threshold,Auto-liquidates cluster when EB increase pushes balance below threshold,no,pass,https://github.com/ssvlabs/ssv-network/blob/feat/exhaustive-scenario-coverage/test/e2e/effective-balance/eb-updates.test.ts#L361,,A-ACT-12; A-CHECK-05; A-SETUP-09
effective-balance,eb-updates.test.ts,Settles fees with old vUnits before applying new vUnits,Settles fees with old vUnits before applying new vUnits,no,pass,https://github.com/ssvlabs/ssv-network/blob/feat/exhaustive-scenario-coverage/test/e2e/effective-balance/eb-updates.test.ts#L417,,A-ACT-12; A-CHECK-05; A-SETUP-09
effective-balance,oracle-commits.test.ts,Stores weight but does not commit root when 1 of 4 oracles votes,Stores weight but does not commit root when 1 of 4 oracles votes,no,pass,https://github.com/ssvlabs/ssv-network/blob/feat/exhaustive-scenario-coverage/test/e2e/effective-balance/oracle-commits.test.ts#L54,,A-BATCH-06; A-BOUND-21; A-CHECK-23; A-SETUP-03; A-SETUP-09
effective-balance,oracle-commits.test.ts,Commits root when 3 of 4 oracles vote for the same root,Commits root when 3 of 4 oracles vote for the same root,no,pass,https://github.com/ssvlabs/ssv-network/blob/feat/exhaustive-scenario-coverage/test/e2e/effective-balance/oracle-commits.test.ts#L78,,A-BATCH-06; A-BOUND-21; A-CHECK-23; A-SETUP-03; A-SETUP-09
effective-balance,oracle-commits.test.ts,Prevents Oracle4 from voting for same block after quorum (StaleBlockNumber),Prevents Oracle4 from voting for same block after quorum (StaleBlockNumber),no,pass,https://github.com/ssvlabs/ssv-network/blob/feat/exhaustive-scenario-coverage/test/e2e/effective-balance/oracle-commits.test.ts#L98,,A-BATCH-06; A-BOUND-21; A-CHECK-23; A-SETUP-03; A-SETUP-09
effective-balance,oracle-commits.test.ts,tracks weight separately for different roots at the same block,Tracks weight separately for different roots at the same block,no,pass,https://github.com/ssvlabs/ssv-network/blob/feat/exhaustive-scenario-coverage/test/e2e/effective-balance/oracle-commits.test.ts#L116,,A-BATCH-06; A-BOUND-21; A-CHECK-23; A-SETUP-03; A-SETUP-09
effective-balance,oracle-commits.test.ts,Replacement oracle inherits same oracleId and cannot re-vote,Replacement oracle inherits same oracleId and cannot re-vote,no,pass,https://github.com/ssvlabs/ssv-network/blob/feat/exhaustive-scenario-coverage/test/e2e/effective-balance/oracle-commits.test.ts#L148,,A-BATCH-06; A-BOUND-21; A-CHECK-23; A-SETUP-03; A-SETUP-09
effective-balance,oracle-commits.test.ts,Old vote's weight still counts toward quorum after replacement,Old vote's weight still counts toward quorum after replacement,no,pass,https://github.com/ssvlabs/ssv-network/blob/feat/exhaustive-scenario-coverage/test/e2e/effective-balance/oracle-commits.test.ts#L171,,A-BATCH-06; A-BOUND-21; A-CHECK-23; A-SETUP-03; A-SETUP-09
effective-balance,oracle-commits.test.ts,Reverts when blockNum equals latestCommittedBlock,Reverts when blockNum equals latestCommittedBlock,no,pass,https://github.com/ssvlabs/ssv-network/blob/feat/exhaustive-scenario-coverage/test/e2e/effective-balance/oracle-commits.test.ts#L191,,A-BATCH-06; A-BOUND-21; A-CHECK-23; A-SETUP-03; A-SETUP-09
effective-balance,oracle-commits.test.ts,Reverts when blockNum is less than latestCommittedBlock,Reverts when blockNum is less than latestCommittedBlock,no,pass,https://github.com/ssvlabs/ssv-network/blob/feat/exhaustive-scenario-coverage/test/e2e/effective-balance/oracle-commits.test.ts#L208,,A-BATCH-06; A-BOUND-21; A-CHECK-23; A-SETUP-03; A-SETUP-09
effective-balance,oracle-commits.test.ts,Succeeds when blockNum is greater than latestCommittedBlock,Succeeds when blockNum is greater than latestCommittedBlock,no,pass,https://github.com/ssvlabs/ssv-network/blob/feat/exhaustive-scenario-coverage/test/e2e/effective-balance/oracle-commits.test.ts#L225,,A-BATCH-06; A-BOUND-21; A-CHECK-23; A-SETUP-03; A-SETUP-09
effective-balance,oracle-commits.test.ts,Reverts when blockNum > block.number,Reverts when blockNum > block.number,no,pass,https://github.com/ssvlabs/ssv-network/blob/feat/exhaustive-scenario-coverage/test/e2e/effective-balance/oracle-commits.test.ts#L247,,A-BATCH-06; A-BOUND-21; A-CHECK-23; A-SETUP-03; A-SETUP-09
effective-balance,oracle-commits.test.ts,Succeeds when blockNum == block.number (equality OK),Succeeds when blockNum == block.number (equality OK),no,pass,https://github.com/ssvlabs/ssv-network/blob/feat/exhaustive-scenario-coverage/test/e2e/effective-balance/oracle-commits.test.ts#L259,,A-BATCH-06; A-BOUND-21; A-CHECK-23; A-SETUP-03; A-SETUP-09
effective-balance,oracle-commits.test.ts,Reverts when cSSV totalSupply is 0,Reverts when cSSV totalSupply is 0,no,pass,https://github.com/ssvlabs/ssv-network/blob/feat/exhaustive-scenario-coverage/test/e2e/effective-balance/oracle-commits.test.ts#L274,,A-BATCH-06; A-BOUND-21; A-CHECK-23; A-SETUP-03; A-SETUP-09
effective-balance,oracle-commits.test.ts,"Reverts when same oracle votes twice for same (root, blockNum)","Reverts when same oracle votes twice for same (root, blockNum)",no,pass,https://github.com/ssvlabs/ssv-network/blob/feat/exhaustive-scenario-coverage/test/e2e/effective-balance/oracle-commits.test.ts#L288,,A-BATCH-06; A-BOUND-21; A-CHECK-23; A-SETUP-03; A-SETUP-09
effective-balance,oracle-commits.test.ts,Allows same oracle to vote for different root at same block,Allows same oracle to vote for different root at same block,no,pass,https://github.com/ssvlabs/ssv-network/blob/feat/exhaustive-scenario-coverage/test/e2e/effective-balance/oracle-commits.test.ts#L302,,A-BATCH-06; A-BOUND-21; A-CHECK-23; A-SETUP-03; A-SETUP-09
effective-balance,oracle-commits.test.ts,Reverts when non-oracle calls commitRoot,Reverts when non-oracle calls commitRoot,no,pass,https://github.com/ssvlabs/ssv-network/blob/feat/exhaustive-scenario-coverage/test/e2e/effective-balance/oracle-commits.test.ts#L317,,A-BATCH-06; A-BOUND-21; A-CHECK-23; A-SETUP-03; A-SETUP-09
invariants,inv-gap.test.ts,"After liquidating cluster with EB deviation, daoTotalEthVUnits == 0","After liquidating cluster with EB deviation, daoTotalEthVUnits == 0",yes,pass,https://github.com/ssvlabs/ssv-network/blob/feat/exhaustive-scenario-coverage/test/e2e/invariants/inv-gap.test.ts#L303,,A-INV-04
invariants,inv-gap.test.ts,daoTotalEthVUnits includes stale data from removed operator after EB update,DaoTotalEthVUnits includes stale data from removed operator after EB update,yes,pass,https://github.com/ssvlabs/ssv-network/blob/feat/exhaustive-scenario-coverage/test/e2e/invariants/inv-gap.test.ts#L373,,A-INV-04
invariants,inv-gap.test.ts,"After reactivation, daoTotalEthVUnits includes re-added deviation from stored EB","After reactivation, daoTotalEthVUnits includes re-added deviation from stored EB",yes,pass,https://github.com/ssvlabs/ssv-network/blob/feat/exhaustive-scenario-coverage/test/e2e/invariants/inv-gap.test.ts#L421,,A-INV-04
invariants,inv-gap.test.ts,"After migration, daoTotalEthVUnits includes migrated cluster deviation","After migration, daoTotalEthVUnits includes migrated cluster deviation",yes,pass,https://github.com/ssvlabs/ssv-network/blob/feat/exhaustive-scenario-coverage/test/e2e/invariants/inv-gap.test.ts#L488,,A-INV-04
invariants,inv-gap.test.ts,Liquidating ETH cluster maintains version exclusivity,Liquidating ETH cluster maintains version exclusivity,yes,pass,https://github.com/ssvlabs/ssv-network/blob/feat/exhaustive-scenario-coverage/test/e2e/invariants/inv-gap.test.ts#L557,,A-INV-04
invariants,inv-gap.test.ts,EB update after operator removal writes stale vUnits — G11 VIOLATED,EB update after operator removal writes stale vUnits — G11 VIOLATED,yes,pass,https://github.com/ssvlabs/ssv-network/blob/feat/exhaustive-scenario-coverage/test/e2e/invariants/inv-gap.test.ts#L605,,A-INV-04
invariants,inv-gap.test.ts,Both removed operators get stale vUnits — G11 VIOLATED for both,Both removed operators get stale vUnits — G11 VIOLATED for both,yes,pass,https://github.com/ssvlabs/ssv-network/blob/feat/exhaustive-scenario-coverage/test/e2e/invariants/inv-gap.test.ts#L639,,A-INV-04
invariants,inv-gap.test.ts,Liquidation reverts (deviation cleanup underflows on removed operator),Liquidation reverts (deviation cleanup underflows on removed operator),yes,pass,https://github.com/ssvlabs/ssv-network/blob/feat/exhaustive-scenario-coverage/test/e2e/invariants/inv-gap.test.ts#L676,,A-INV-04
invariants,inv-gap.test.ts,Reactivation correctly skips removed operator (ethSnapshot.block == 0),Reactivation correctly skips removed operator (ethSnapshot.block == 0),yes,pass,https://github.com/ssvlabs/ssv-network/blob/feat/exhaustive-scenario-coverage/test/e2e/invariants/inv-gap.test.ts#L739,,A-INV-04
invariants,inv-gap.test.ts,Migration after operator removal preserves G11 when no EB deviation exists,Migration after operator removal preserves G11 when no EB deviation exists,yes,pass,https://github.com/ssvlabs/ssv-network/blob/feat/exhaustive-scenario-coverage/test/e2e/invariants/inv-gap.test.ts#L779,,A-INV-04
invariants,inv-gap.test.ts,Two independent clusters write cumulative stale vUnits to removed shared operator,Two independent clusters write cumulative stale vUnits to removed shared operator,yes,pass,https://github.com/ssvlabs/ssv-network/blob/feat/exhaustive-scenario-coverage/test/e2e/invariants/inv-gap.test.ts#L829,,A-INV-04
invariants,inv-gap.test.ts,Full lifecycle: EB → removal → liquidation reverts (deviation cleanup underflows),Full lifecycle: EB → removal → liquidation reverts (deviation cleanup underflows),yes,pass,https://github.com/ssvlabs/ssv-network/blob/feat/exhaustive-scenario-coverage/test/e2e/invariants/inv-gap.test.ts#L892,,A-INV-04
invariants,inv-gap.test.ts,Register + deposit + withdraw without EB update → clusterEB.vUnits stays 0,Register + deposit + withdraw without EB update → clusterEB.vUnits stays 0,yes,pass,https://github.com/ssvlabs/ssv-network/blob/feat/exhaustive-scenario-coverage/test/e2e/invariants/inv-gap.test.ts#L962,,A-INV-04
invariants,inv-gap.test.ts,"Register SSV + ETH clusters, migrate, EB update — G1 and G4 hold after each step","Register SSV + ETH clusters, migrate, EB update — G1 and G4 hold after each step",yes,pass,https://github.com/ssvlabs/ssv-network/blob/feat/exhaustive-scenario-coverage/test/e2e/invariants/inv-gap.test.ts#L1017,,A-INV-04
invariants,inv-gap.test.ts,"3 clusters across register, EB, removal, liquidation, reactivation — verify all invariants","3 clusters across register, EB, removal, liquidation, reactivation — verify all invariants",yes,pass,https://github.com/ssvlabs/ssv-network/blob/feat/exhaustive-scenario-coverage/test/e2e/invariants/inv-gap.test.ts#L1120,,A-INV-04
migration,mg-gap.test.ts,"MG-${String(opCount === 7 ? ""002"" : opCount === 10 ? ""003"" : ""004"")}: Migrates active SSV cluster with ${opCount} operators",MG-...: Migrates active SSV cluster with ... operators,yes,pass,https://github.com/ssvlabs/ssv-network/blob/feat/exhaustive-scenario-coverage/test/e2e/migration/mg-gap.test.ts#L79,,A-ACT-13
migration,mg-gap.test.ts,MG-020: Pending fee declaration does not affect migration (uses current ethFee),Pending fee declaration does not affect migration (uses current ethFee),yes,pass,https://github.com/ssvlabs/ssv-network/blob/feat/exhaustive-scenario-coverage/test/e2e/migration/mg-gap.test.ts#L189,,A-ACT-13
migration,mg-gap.test.ts,MG-026: Migration succeeds when exactly at operator validator limit,Migration succeeds when exactly at operator validator limit,yes,pass,https://github.com/ssvlabs/ssv-network/blob/feat/exhaustive-scenario-coverage/test/e2e/migration/mg-gap.test.ts#L276,,A-ACT-13
migration,mg-gap.test.ts,MG-027: Migration reverts when exceeding operator validator limit,Migration reverts when exceeding operator validator limit,yes,pass,https://github.com/ssvlabs/ssv-network/blob/feat/exhaustive-scenario-coverage/test/e2e/migration/mg-gap.test.ts#L316,,A-ACT-13
migration,mg-gap.test.ts,MG-047: Migrates zero-validator cluster without operator increments,Migrates zero-validator cluster without operator increments,yes,pass,https://github.com/ssvlabs/ssv-network/blob/feat/exhaustive-scenario-coverage/test/e2e/migration/mg-gap.test.ts#L389,,A-ACT-13
migration,mg-gap.test.ts,MG-048: Non-owner caller reverts with ClusterDoesNotExist,Non-owner caller reverts with ClusterDoesNotExist,yes,pass,https://github.com/ssvlabs/ssv-network/blob/feat/exhaustive-scenario-coverage/test/e2e/migration/mg-gap.test.ts#L450,,A-ACT-13
migration,mg-gap.test.ts,MG-050: Stale cluster struct reverts with IncorrectClusterState,Stale cluster struct reverts with IncorrectClusterState,yes,pass,https://github.com/ssvlabs/ssv-network/blob/feat/exhaustive-scenario-coverage/test/e2e/migration/mg-gap.test.ts#L506,,A-ACT-13
migration,mg-gap.test.ts,"MG-058: Zero-fee operators → ethFee stays 0, migration succeeds with only network fee","Zero-fee operators → ethFee stays 0, migration succeeds with only network fee",yes,pass,https://github.com/ssvlabs/ssv-network/blob/feat/exhaustive-scenario-coverage/test/e2e/migration/mg-gap.test.ts#L556,,A-ACT-13
migration,mg-gap.test.ts,MG-052: Explicit EB + removed op — deviation applied to all ops including removed (stranded),Explicit EB + removed op — deviation applied to all ops including removed (stranded),yes,pass,https://github.com/ssvlabs/ssv-network/blob/feat/exhaustive-scenario-coverage/test/e2e/migration/mg-gap.test.ts#L628,,A-ACT-13
migration,mg-gap.test.ts,"MG-055: SSV→ETH migration, liquidation, then ETH reactivation","SSV→ETH migration, liquidation, then ETH reactivation",yes,pass,https://github.com/ssvlabs/ssv-network/blob/feat/exhaustive-scenario-coverage/test/e2e/migration/mg-gap.test.ts#L728,,A-ACT-13
migration,mg-gap.test.ts,MG-060: 10 validators × 2048 ETH EB — no overflow in deviation accounting,10 validators × 2048 ETH EB — no overflow in deviation accounting,yes,pass,https://github.com/ssvlabs/ssv-network/blob/feat/exhaustive-scenario-coverage/test/e2e/migration/mg-gap.test.ts#L843,,A-ACT-13
migration,mg-gap.test.ts,MG-017: updateClusterBalance succeeds immediately after migration,UpdateClusterBalance succeeds immediately after migration,yes,pass,https://github.com/ssvlabs/ssv-network/blob/feat/exhaustive-scenario-coverage/test/e2e/migration/mg-gap.test.ts#L942,,A-ACT-13
migration,mg-gap.test.ts,MG-018: updateClusterBalance succeeds after migration and operator removal,UpdateClusterBalance succeeds after migration and operator removal,yes,pass,https://github.com/ssvlabs/ssv-network/blob/feat/exhaustive-scenario-coverage/test/e2e/migration/mg-gap.test.ts#L1030,,A-ACT-13
migration,migration-basic.test.ts,Migrates SSV cluster to ETH with correct SSV refund and ETH deposit,Migrates SSV cluster to ETH with correct SSV refund and ETH deposit,no,pass,https://github.com/ssvlabs/ssv-network/blob/feat/exhaustive-scenario-coverage/test/e2e/migration/migration-basic.test.ts#L80,,A-ACT-13
migration,migration-basic.test.ts,Migration with insufficient ETH reverts (edge),Migration with insufficient ETH reverts (edge),no,pass,https://github.com/ssvlabs/ssv-network/blob/feat/exhaustive-scenario-coverage/test/e2e/migration/migration-basic.test.ts#L131,,A-ACT-13
migration,migration-basic.test.ts,"Migrates liquidated SSV cluster — no SSV refund, emits ClusterReactivated","Migrates liquidated SSV cluster — no SSV refund, emits ClusterReactivated",no,pass,https://github.com/ssvlabs/ssv-network/blob/feat/exhaustive-scenario-coverage/test/e2e/migration/migration-basic.test.ts#L184,,A-ACT-13
migration,migration-basic.test.ts,Operators with different ETH fees produce correct cumulative index after migration,Operators with different ETH fees produce correct cumulative index after migration,no,pass,https://github.com/ssvlabs/ssv-network/blob/feat/exhaustive-scenario-coverage/test/e2e/migration/migration-basic.test.ts#L242,,A-ACT-13
migration,migration-basic.test.ts,Migration succeeds with default ETH fees (auto-assigned on migration),Migration succeeds with default ETH fees (auto-assigned on migration),no,pass,https://github.com/ssvlabs/ssv-network/blob/feat/exhaustive-scenario-coverage/test/e2e/migration/migration-basic.test.ts#L285,,A-ACT-13
migration,migration-basic.test.ts,"ETH fees accrue correctly after migration, not SSV fees","ETH fees accrue correctly after migration, not SSV fees",no,pass,https://github.com/ssvlabs/ssv-network/blob/feat/exhaustive-scenario-coverage/test/e2e/migration/migration-basic.test.ts#L350,,A-ACT-13
migration,migration-double-payment.test.ts,Baseline: all operators active uses exact SSV refund formula,Baseline: all operators active uses exact SSV refund formula,no,pass,https://github.com/ssvlabs/ssv-network/blob/feat/exhaustive-scenario-coverage/test/e2e/migration/migration-double-payment.test.ts#L86,,
migration,migration-double-payment.test.ts,Includes removed operator frozen snapshot.index in migration SSV settlement,Includes removed operator frozen snapshot.index in migration SSV settlement,no,pass,https://github.com/ssvlabs/ssv-network/blob/feat/exhaustive-scenario-coverage/test/e2e/migration/migration-double-payment.test.ts#L150,,
migration,migration-double-payment.test.ts,Liquidated cluster migration with removed operator preserves SSV counts and skips removed ETH setup,Liquidated cluster migration with removed operator preserves SSV counts and skips removed ETH setup,no,pass,https://github.com/ssvlabs/ssv-network/blob/feat/exhaustive-scenario-coverage/test/e2e/migration/migration-double-payment.test.ts#L242,,
migration,migration-double-payment.test.ts,Accounts two removed operators with different removal times via frozen indices,Accounts two removed operators with different removal times via frozen indices,no,pass,https://github.com/ssvlabs/ssv-network/blob/feat/exhaustive-scenario-coverage/test/e2e/migration/migration-double-payment.test.ts#L305,,
migration,migration-double-payment.test.ts,Removed operator with zero SSV fee creates zero refund delta vs buggy path,Removed operator with zero SSV fee creates zero refund delta vs buggy path,no,pass,https://github.com/ssvlabs/ssv-network/blob/feat/exhaustive-scenario-coverage/test/e2e/migration/migration-double-payment.test.ts#L410,,
migration,migration-double-payment.test.ts,Assigns default ETH fee on migration when legacy operator had ethFee explicitly reset to zero,Assigns default ETH fee on migration when legacy operator had ethFee explicitly reset to zero,no,pass,https://github.com/ssvlabs/ssv-network/blob/feat/exhaustive-scenario-coverage/test/e2e/migration/migration-double-payment.test.ts#L486,,
migration,migration-edge.test.ts,SSV refund matches independent fee calculation after 1000 blocks,SSV refund matches independent fee calculation after 1000 blocks,no,pass,https://github.com/ssvlabs/ssv-network/blob/feat/exhaustive-scenario-coverage/test/e2e/migration/migration-edge.test.ts#L91,,A-ACT-13; A-CHECK-22
migration,migration-edge.test.ts,Migration succeeds when Op1 is removed — removed operator is skipped,Migration succeeds when Op1 is removed — removed operator is skipped,no,pass,https://github.com/ssvlabs/ssv-network/blob/feat/exhaustive-scenario-coverage/test/e2e/migration/migration-edge.test.ts#L173,,A-ACT-13; A-CHECK-22
migration,migration-edge.test.ts,DAO earnings for both SSV and ETH are settled during migration,DAO earnings for both SSV and ETH are settled during migration,no,pass,https://github.com/ssvlabs/ssv-network/blob/feat/exhaustive-scenario-coverage/test/e2e/migration/migration-edge.test.ts#L238,,A-ACT-13; A-CHECK-22
migration,migration-edge.test.ts,Two clusters with same operators migrate correctly without index corruption,Two clusters with same operators migrate correctly without index corruption,no,pass,https://github.com/ssvlabs/ssv-network/blob/feat/exhaustive-scenario-coverage/test/e2e/migration/migration-edge.test.ts#L317,,A-ACT-13; A-CHECK-22
migration,migration-edge.test.ts,Reverts when ETH deposit is below liquidation threshold,Reverts when ETH deposit is below liquidation threshold,no,pass,https://github.com/ssvlabs/ssv-network/blob/feat/exhaustive-scenario-coverage/test/e2e/migration/migration-edge.test.ts#L406,,A-ACT-13; A-CHECK-22
migration,migration-edge.test.ts,Reverts when ETH deposit is 1 wei below threshold,Reverts when ETH deposit is 1 wei below threshold,no,pass,https://github.com/ssvlabs/ssv-network/blob/feat/exhaustive-scenario-coverage/test/e2e/migration/migration-edge.test.ts#L426,,A-ACT-13; A-CHECK-22
migration,migration-edge.test.ts,Reverts when ETH deposit is 0,Reverts when ETH deposit is 0,no,pass,https://github.com/ssvlabs/ssv-network/blob/feat/exhaustive-scenario-coverage/test/e2e/migration/migration-edge.test.ts#L446,,A-ACT-13; A-CHECK-22
migration,migration-full-lifecycle.test.ts,Verifies complete economic correctness across full lifecycle,Verifies complete economic correctness across full lifecycle,no,pass,https://github.com/ssvlabs/ssv-network/blob/feat/exhaustive-scenario-coverage/test/e2e/migration/migration-full-lifecycle.test.ts#L79,,
mock-migration,mock-to-real.test.ts,Removed op earns nothing; active ops earn full per-block fee,Removed op earns nothing; active ops earn full per-block fee,yes,pass,https://github.com/ssvlabs/ssv-network/blob/feat/exhaustive-scenario-coverage/test/e2e/mock-migration/mock-to-real.test.ts#L305,,A-SETUP-06
mock-migration,mock-to-real.test.ts,"Removed op SSV snapshot frozen, active ops continue earning","Removed op SSV snapshot frozen, active ops continue earning",yes,pass,https://github.com/ssvlabs/ssv-network/blob/feat/exhaustive-scenario-coverage/test/e2e/mock-migration/mock-to-real.test.ts#L352,,A-SETUP-06
mock-migration,mock-to-real.test.ts,Removed op snapshot stays frozen after cluster operations,Removed op snapshot stays frozen after cluster operations,yes,pass,https://github.com/ssvlabs/ssv-network/blob/feat/exhaustive-scenario-coverage/test/e2e/mock-migration/mock-to-real.test.ts#L393,,A-SETUP-06
mock-migration,mock-to-real.test.ts,Removed op not revived; live ops get ethValidatorCount,Removed op not revived; live ops get ethValidatorCount,yes,pass,https://github.com/ssvlabs/ssv-network/blob/feat/exhaustive-scenario-coverage/test/e2e/mock-migration/mock-to-real.test.ts#L438,,A-SETUP-06
mock-migration,mock-to-real.test.ts,"Migration succeeds or reverts, no operator is revived","Migration succeeds or reverts, no operator is revived",yes,pass,https://github.com/ssvlabs/ssv-network/blob/feat/exhaustive-scenario-coverage/test/e2e/mock-migration/mock-to-real.test.ts#L475,,A-SETUP-06
mock-migration,mock-to-real.test.ts,"Live ops get correct ethValidatorCount, removed ops stay at 0","Live ops get correct ethValidatorCount, removed ops stay at 0",yes,pass,https://github.com/ssvlabs/ssv-network/blob/feat/exhaustive-scenario-coverage/test/e2e/mock-migration/mock-to-real.test.ts#L517,,A-SETUP-06
mock-migration,mock-to-real.test.ts,Reverts with OperatorDoesNotExist,Reverts with OperatorDoesNotExist,yes,pass,https://github.com/ssvlabs/ssv-network/blob/feat/exhaustive-scenario-coverage/test/e2e/mock-migration/mock-to-real.test.ts#L560,,A-SETUP-06
mock-migration,mock-to-real.test.ts,No operator state is modified when registration reverts,No operator state is modified when registration reverts,yes,pass,https://github.com/ssvlabs/ssv-network/blob/feat/exhaustive-scenario-coverage/test/e2e/mock-migration/mock-to-real.test.ts#L583,,A-SETUP-06
mock-migration,mock-to-real.test.ts,Reverts with OperatorDoesNotExist for two removed operators,Reverts with OperatorDoesNotExist for two removed operators,yes,pass,https://github.com/ssvlabs/ssv-network/blob/feat/exhaustive-scenario-coverage/test/e2e/mock-migration/mock-to-real.test.ts#L619,,A-SETUP-06
mock-migration,mock-to-real.test.ts,Reverts with OperatorDoesNotExist,Reverts with OperatorDoesNotExist,yes,pass,https://github.com/ssvlabs/ssv-network/blob/feat/exhaustive-scenario-coverage/test/e2e/mock-migration/mock-to-real.test.ts#L643,,A-SETUP-06
mock-migration,mock-to-real.test.ts,Reverts with OperatorDoesNotExist for two removed operators,Reverts with OperatorDoesNotExist for two removed operators,yes,pass,https://github.com/ssvlabs/ssv-network/blob/feat/exhaustive-scenario-coverage/test/e2e/mock-migration/mock-to-real.test.ts#L669,,A-SETUP-06
mock-migration,mock-to-real.test.ts,SSV refund accounts for removed op's accrued fees before removal,SSV refund accounts for removed op's accrued fees before removal,yes,pass,https://github.com/ssvlabs/ssv-network/blob/feat/exhaustive-scenario-coverage/test/e2e/mock-migration/mock-to-real.test.ts#L696,,A-SETUP-06
mock-migration,mock-to-real.test.ts,SSV refund correct when two ops removed at different blocks,SSV refund correct when two ops removed at different blocks,yes,pass,https://github.com/ssvlabs/ssv-network/blob/feat/exhaustive-scenario-coverage/test/e2e/mock-migration/mock-to-real.test.ts#L745,,A-SETUP-06
mock-migration,mock-to-real.test.ts,bulkRemoveValidator on cluster with removed op doesn't underflow,BulkRemoveValidator on cluster with removed op doesn't underflow,yes,pass,https://github.com/ssvlabs/ssv-network/blob/feat/exhaustive-scenario-coverage/test/e2e/mock-migration/mock-to-real.test.ts#L798,,A-SETUP-06
mock-migration,mock-to-real.test.ts,removeValidator on cluster with removed op doesn't underflow,RemoveValidator on cluster with removed op doesn't underflow,yes,pass,https://github.com/ssvlabs/ssv-network/blob/feat/exhaustive-scenario-coverage/test/e2e/mock-migration/mock-to-real.test.ts#L838,,A-SETUP-06
mock-migration,mock-to-real.test.ts,"Migration skips removed op, live ops get correct ethValidatorCount","Migration skips removed op, live ops get correct ethValidatorCount",yes,pass,https://github.com/ssvlabs/ssv-network/blob/feat/exhaustive-scenario-coverage/test/e2e/mock-migration/mock-to-real.test.ts#L877,,A-SETUP-06
mock-migration,mock-to-real.test.ts,"Both removed ops skipped, 2 live ops migrated","Both removed ops skipped, 2 live ops migrated",yes,pass,https://github.com/ssvlabs/ssv-network/blob/feat/exhaustive-scenario-coverage/test/e2e/mock-migration/mock-to-real.test.ts#L908,,A-SETUP-06
mock-migration,mock-to-real.test.ts,Removed op isActive stays false after migration,Removed op isActive stays false after migration,yes,pass,https://github.com/ssvlabs/ssv-network/blob/feat/exhaustive-scenario-coverage/test/e2e/mock-migration/mock-to-real.test.ts#L941,,A-SETUP-06
mock-migration,mock-to-real.test.ts,"Removed op valCount 0, live ops get 3","Removed op valCount 0, live ops get 3",yes,pass,https://github.com/ssvlabs/ssv-network/blob/feat/exhaustive-scenario-coverage/test/e2e/mock-migration/mock-to-real.test.ts#L968,,A-SETUP-06
mock-migration,mock-to-real.test.ts,"Removed op ethFee 0, live ops get default ETH fee","Removed op ethFee 0, live ops get default ETH fee",yes,pass,https://github.com/ssvlabs/ssv-network/blob/feat/exhaustive-scenario-coverage/test/e2e/mock-migration/mock-to-real.test.ts#L999,,A-SETUP-06
mock-migration,mock-to-real.test.ts,SSV refund includes fees accrued by removed op before removal,SSV refund includes fees accrued by removed op before removal,yes,pass,https://github.com/ssvlabs/ssv-network/blob/feat/exhaustive-scenario-coverage/test/e2e/mock-migration/mock-to-real.test.ts#L1030,,A-SETUP-06
mock-migration,mock-to-real.test.ts,Migration reactivates liquidated cluster and skips removed op,Migration reactivates liquidated cluster and skips removed op,yes,pass,https://github.com/ssvlabs/ssv-network/blob/feat/exhaustive-scenario-coverage/test/e2e/mock-migration/mock-to-real.test.ts#L1070,,A-SETUP-06
mock-migration,mock-to-real.test.ts,"Removed op skipped during migration, live ops migrated","Removed op skipped during migration, live ops migrated",yes,pass,https://github.com/ssvlabs/ssv-network/blob/feat/exhaustive-scenario-coverage/test/e2e/mock-migration/mock-to-real.test.ts#L1145,,A-SETUP-06
mock-migration,mock-to-real.test.ts,Guard fires despite operator having been SSV-active,Guard fires despite operator having been SSV-active,yes,pass,https://github.com/ssvlabs/ssv-network/blob/feat/exhaustive-scenario-coverage/test/e2e/mock-migration/mock-to-real.test.ts#L1178,,A-SETUP-06
mock-migration,mock-to-real.test.ts,"Dead op ethFee stays 0, isActive stays false","Dead op ethFee stays 0, isActive stays false",yes,pass,https://github.com/ssvlabs/ssv-network/blob/feat/exhaustive-scenario-coverage/test/e2e/mock-migration/mock-to-real.test.ts#L1209,,A-SETUP-06
mock-migration,mock-to-real.test.ts,"Dead op 0, live ops get ethValidatorCount = 2","Dead op 0, live ops get ethValidatorCount = 2",yes,pass,https://github.com/ssvlabs/ssv-network/blob/feat/exhaustive-scenario-coverage/test/e2e/mock-migration/mock-to-real.test.ts#L1237,,A-SETUP-06
mock-migration,mock-to-real.test.ts,SSV refund correct despite removed op contributing 0 to cumulative index,SSV refund correct despite removed op contributing 0 to cumulative index,yes,pass,https://github.com/ssvlabs/ssv-network/blob/feat/exhaustive-scenario-coverage/test/e2e/mock-migration/mock-to-real.test.ts#L1267,,A-SETUP-06
mock-migration,mock-to-real.test.ts,"3 live ops migrated with ethValidatorCount=3, 1 removed skipped","3 live ops migrated with ethValidatorCount=3, 1 removed skipped",yes,pass,https://github.com/ssvlabs/ssv-network/blob/feat/exhaustive-scenario-coverage/test/e2e/mock-migration/mock-to-real.test.ts#L1303,,A-SETUP-06
mock-migration,mock-to-real.test.ts,"2 live ops migrated, 2 removed skipped — burn rate uses 2 fees","2 live ops migrated, 2 removed skipped — burn rate uses 2 fees",yes,pass,https://github.com/ssvlabs/ssv-network/blob/feat/exhaustive-scenario-coverage/test/e2e/mock-migration/mock-to-real.test.ts#L1334,,A-SETUP-06
mock-migration,mock-to-real.test.ts,registerValidator reverts with dead op4 after removal,RegisterValidator reverts with dead op4 after removal,yes,pass,https://github.com/ssvlabs/ssv-network/blob/feat/exhaustive-scenario-coverage/test/e2e/mock-migration/mock-to-real.test.ts#L1381,,A-SETUP-06
mock-migration,mock-to-real.test.ts,"After removing operator from active cluster, G11 holds","After removing operator from active cluster, G11 holds",yes,pass,https://github.com/ssvlabs/ssv-network/blob/feat/exhaustive-scenario-coverage/test/e2e/mock-migration/mock-to-real.test.ts#L1414,,A-SETUP-06
mock-migration,mock-to-real.test.ts,Migration after operator removal preserves G11,Migration after operator removal preserves G11,yes,pass,https://github.com/ssvlabs/ssv-network/blob/feat/exhaustive-scenario-coverage/test/e2e/mock-migration/mock-to-real.test.ts#L1441,,A-SETUP-06
operators,op-gap.test.ts,OP-008: Register with fee exceeding uint64 max after packing → FeeTooHigh (packing unreachable),Register with fee exceeding uint64 max after packing → FeeTooHigh (packing unreachable),yes,pass,https://github.com/ssvlabs/ssv-network/blob/feat/exhaustive-scenario-coverage/test/e2e/operators/op-gap.test.ts#L206,,A-ACT-20; A-ACT-21; A-ACT-22; A-ACT-23; A-ACT-24; A-ACT-25; A-ACT-26; A-ACT-30; A-ACT-31; A-BOUND-03; A-BOUND-05; A-CHECK-09; A-CHECK-12; A-CHECK-13
operators,op-gap.test.ts,OP-034: Set private on operator with active ETH cluster — cluster unaffected,Set private on operator with active ETH cluster — cluster unaffected,yes,pass,https://github.com/ssvlabs/ssv-network/blob/feat/exhaustive-scenario-coverage/test/e2e/operators/op-gap.test.ts#L220,,A-ACT-20; A-ACT-21; A-ACT-22; A-ACT-23; A-ACT-24; A-ACT-25; A-ACT-26; A-ACT-30; A-ACT-31; A-BOUND-03; A-BOUND-05; A-CHECK-09; A-CHECK-12; A-CHECK-13
operators,op-gap.test.ts,OP-035: Set public on removed operator → OperatorDoesNotExist,Set public on removed operator → OperatorDoesNotExist,yes,pass,https://github.com/ssvlabs/ssv-network/blob/feat/exhaustive-scenario-coverage/test/e2e/operators/op-gap.test.ts#L277,,A-ACT-20; A-ACT-21; A-ACT-22; A-ACT-23; A-ACT-24; A-ACT-25; A-ACT-26; A-ACT-30; A-ACT-31; A-BOUND-03; A-BOUND-05; A-CHECK-09; A-CHECK-12; A-CHECK-13
operators,op-gap.test.ts,OP-037: Set private with empty operatorIds array → InvalidOperatorIdsLength,Set private with empty operatorIds array → InvalidOperatorIdsLength,yes,pass,https://github.com/ssvlabs/ssv-network/blob/feat/exhaustive-scenario-coverage/test/e2e/operators/op-gap.test.ts#L293,,A-ACT-20; A-ACT-21; A-ACT-22; A-ACT-23; A-ACT-24; A-ACT-25; A-ACT-26; A-ACT-30; A-ACT-31; A-BOUND-03; A-BOUND-05; A-CHECK-09; A-CHECK-12; A-CHECK-13
operators,op-gap.test.ts,OP-039: Remove operator serving in a liquidated ETH cluster,Remove operator serving in a liquidated ETH cluster,yes,pass,https://github.com/ssvlabs/ssv-network/blob/feat/exhaustive-scenario-coverage/test/e2e/operators/op-gap.test.ts#L304,,A-ACT-20; A-ACT-21; A-ACT-22; A-ACT-23; A-ACT-24; A-ACT-25; A-ACT-26; A-ACT-30; A-ACT-31; A-BOUND-03; A-BOUND-05; A-CHECK-09; A-CHECK-12; A-CHECK-13
operators,op-gap.test.ts,"OP-043: Packing error reachable via declareOperatorFee — FeeTooHigh shadows MaxValueExceeded, but MaxPrecisionExceeded IS reachable","Packing error reachable via declareOperatorFee — FeeTooHigh shadows MaxValueExceeded, but MaxPrecisionExceeded IS reachable",yes,pass,https://github.com/ssvlabs/ssv-network/blob/feat/exhaustive-scenario-coverage/test/e2e/operators/op-gap.test.ts#L356,,A-ACT-20; A-ACT-21; A-ACT-22; A-ACT-23; A-ACT-24; A-ACT-25; A-ACT-26; A-ACT-30; A-ACT-31; A-BOUND-03; A-BOUND-05; A-CHECK-09; A-CHECK-12; A-CHECK-13
operators,op-gap.test.ts,OP-044: Remove operator with SSV snapshot (block!=0) but zero settled SSV balance → no OperatorWithdrawnSSV,Remove operator with SSV snapshot (block!=0) but zero settled SSV balance → no OperatorWithdrawnSSV,yes,pass,https://github.com/ssvlabs/ssv-network/blob/feat/exhaustive-scenario-coverage/test/e2e/operators/op-gap.test.ts#L387,,A-ACT-20; A-ACT-21; A-ACT-22; A-ACT-23; A-ACT-24; A-ACT-25; A-ACT-26; A-ACT-30; A-ACT-31; A-BOUND-03; A-BOUND-05; A-CHECK-09; A-CHECK-12; A-CHECK-13
operators,op-gap.test.ts,OF-010: Execute fee exactly at approvalEndTime boundary,Execute fee exactly at approvalEndTime boundary,yes,pass,https://github.com/ssvlabs/ssv-network/blob/feat/exhaustive-scenario-coverage/test/e2e/operators/op-gap.test.ts#L426,,A-ACT-20; A-ACT-21; A-ACT-22; A-ACT-23; A-ACT-24; A-ACT-25; A-ACT-26; A-ACT-30; A-ACT-31; A-BOUND-03; A-BOUND-05; A-CHECK-09; A-CHECK-12; A-CHECK-13
operators,op-gap.test.ts,OF-016: Multiple sequential declarations — second overwrites first,Multiple sequential declarations — second overwrites first,yes,pass,https://github.com/ssvlabs/ssv-network/blob/feat/exhaustive-scenario-coverage/test/e2e/operators/op-gap.test.ts#L461,,A-ACT-20; A-ACT-21; A-ACT-22; A-ACT-23; A-ACT-24; A-ACT-25; A-ACT-26; A-ACT-30; A-ACT-31; A-BOUND-03; A-BOUND-05; A-CHECK-09; A-CHECK-12; A-CHECK-13
operators,op-gap.test.ts,OF-024: Reduce fee with explicit EB clusters — vUnits settlement,Reduce fee with explicit EB clusters — vUnits settlement,yes,pass,https://github.com/ssvlabs/ssv-network/blob/feat/exhaustive-scenario-coverage/test/e2e/operators/op-gap.test.ts#L503,,A-ACT-20; A-ACT-21; A-ACT-22; A-ACT-23; A-ACT-24; A-ACT-25; A-ACT-26; A-ACT-30; A-ACT-31; A-BOUND-03; A-BOUND-05; A-CHECK-09; A-CHECK-12; A-CHECK-13
operators,op-gap.test.ts,OF-028: Cancel fee by non-owner → CallerNotOwnerWithData,Cancel fee by non-owner → CallerNotOwnerWithData,yes,pass,https://github.com/ssvlabs/ssv-network/blob/feat/exhaustive-scenario-coverage/test/e2e/operators/op-gap.test.ts#L614,,A-ACT-20; A-ACT-21; A-ACT-22; A-ACT-23; A-ACT-24; A-ACT-25; A-ACT-26; A-ACT-30; A-ACT-31; A-BOUND-03; A-BOUND-05; A-CHECK-09; A-CHECK-12; A-CHECK-13
operators,op-gap.test.ts,OF-032: Declare fee at exact operatorMaxFee — no overflow,Declare fee at exact operatorMaxFee — no overflow,yes,pass,https://github.com/ssvlabs/ssv-network/blob/feat/exhaustive-scenario-coverage/test/e2e/operators/op-gap.test.ts#L629,,A-ACT-20; A-ACT-21; A-ACT-22; A-ACT-23; A-ACT-24; A-ACT-25; A-ACT-26; A-ACT-30; A-ACT-31; A-BOUND-03; A-BOUND-05; A-CHECK-09; A-CHECK-12; A-CHECK-13
operators,op-gap.test.ts,OF-034: Fee change makes cluster cross liquidation threshold,Fee change makes cluster cross liquidation threshold,yes,pass,https://github.com/ssvlabs/ssv-network/blob/feat/exhaustive-scenario-coverage/test/e2e/operators/op-gap.test.ts#L666,,A-ACT-20; A-ACT-21; A-ACT-22; A-ACT-23; A-ACT-24; A-ACT-25; A-ACT-26; A-ACT-30; A-ACT-31; A-BOUND-03; A-BOUND-05; A-CHECK-09; A-CHECK-12; A-CHECK-13
operators,op-gap.test.ts,OF-040: Fee change on operator in liquidated cluster — snapshot still updated,Fee change on operator in liquidated cluster — snapshot still updated,yes,pass,https://github.com/ssvlabs/ssv-network/blob/feat/exhaustive-scenario-coverage/test/e2e/operators/op-gap.test.ts#L738,,A-ACT-20; A-ACT-21; A-ACT-22; A-ACT-23; A-ACT-24; A-ACT-25; A-ACT-26; A-ACT-30; A-ACT-31; A-BOUND-03; A-BOUND-05; A-CHECK-09; A-CHECK-12; A-CHECK-13
operators,op-gap.test.ts,OF-049: Timelocked decrease-to-zero via declareOperatorFee,Timelocked decrease-to-zero via declareOperatorFee,yes,pass,https://github.com/ssvlabs/ssv-network/blob/feat/exhaustive-scenario-coverage/test/e2e/operators/op-gap.test.ts#L786,,A-ACT-20; A-ACT-21; A-ACT-22; A-ACT-23; A-ACT-24; A-ACT-25; A-ACT-26; A-ACT-30; A-ACT-31; A-BOUND-03; A-BOUND-05; A-CHECK-09; A-CHECK-12; A-CHECK-13
operators,op-gap.test.ts,OF-050: Zero-width approval window — declare+execute in same block,Zero-width approval window — declare+execute in same block,yes,pass,https://github.com/ssvlabs/ssv-network/blob/feat/exhaustive-scenario-coverage/test/e2e/operators/op-gap.test.ts#L818,,A-ACT-20; A-ACT-21; A-ACT-22; A-ACT-23; A-ACT-24; A-ACT-25; A-ACT-26; A-ACT-30; A-ACT-31; A-BOUND-03; A-BOUND-05; A-CHECK-09; A-CHECK-12; A-CHECK-13
operators,op-gap.test.ts,OF-051: Cancel after approval window expires,Cancel after approval window expires,yes,pass,https://github.com/ssvlabs/ssv-network/blob/feat/exhaustive-scenario-coverage/test/e2e/operators/op-gap.test.ts#L846,,A-ACT-20; A-ACT-21; A-ACT-22; A-ACT-23; A-ACT-24; A-ACT-25; A-ACT-26; A-ACT-30; A-ACT-31; A-BOUND-03; A-BOUND-05; A-CHECK-09; A-CHECK-12; A-CHECK-13
operators,op-gap.test.ts,OF-053: Overwrite pending request while approval window is open,Overwrite pending request while approval window is open,yes,pass,https://github.com/ssvlabs/ssv-network/blob/feat/exhaustive-scenario-coverage/test/e2e/operators/op-gap.test.ts#L880,,A-ACT-20; A-ACT-21; A-ACT-22; A-ACT-23; A-ACT-24; A-ACT-25; A-ACT-26; A-ACT-30; A-ACT-31; A-BOUND-03; A-BOUND-05; A-CHECK-09; A-CHECK-12; A-CHECK-13
operators,op-gap.test.ts,OF-054: Overwrite pending request after approval window expires,Overwrite pending request after approval window expires,yes,pass,https://github.com/ssvlabs/ssv-network/blob/feat/exhaustive-scenario-coverage/test/e2e/operators/op-gap.test.ts#L927,,A-ACT-20; A-ACT-21; A-ACT-22; A-ACT-23; A-ACT-24; A-ACT-25; A-ACT-26; A-ACT-30; A-ACT-31; A-BOUND-03; A-BOUND-05; A-CHECK-09; A-CHECK-12; A-CHECK-13
operators,op-gap.test.ts,OF-055: DAO raises minimumOperatorEthFee between declare and execute — execute still succeeds,DAO raises minimumOperatorEthFee between declare and execute — execute still succeeds,yes,pass,https://github.com/ssvlabs/ssv-network/blob/feat/exhaustive-scenario-coverage/test/e2e/operators/op-gap.test.ts#L969,,A-ACT-20; A-ACT-21; A-ACT-22; A-ACT-23; A-ACT-24; A-ACT-25; A-ACT-26; A-ACT-30; A-ACT-31; A-BOUND-03; A-BOUND-05; A-CHECK-09; A-CHECK-12; A-CHECK-13
operators,op-gap.test.ts,OF-056: DAO changes operatorMaxFeeIncrease between declare and execute — execute uses original validation,DAO changes operatorMaxFeeIncrease between declare and execute — execute uses original validation,yes,pass,https://github.com/ssvlabs/ssv-network/blob/feat/exhaustive-scenario-coverage/test/e2e/operators/op-gap.test.ts#L996,,A-ACT-20; A-ACT-21; A-ACT-22; A-ACT-23; A-ACT-24; A-ACT-25; A-ACT-26; A-ACT-30; A-ACT-31; A-BOUND-03; A-BOUND-05; A-CHECK-09; A-CHECK-12; A-CHECK-13
operators,op-gap.test.ts,OE-012: ETH-only operator calls SSV withdraw → InsufficientBalance,ETH-only operator calls SSV withdraw → InsufficientBalance,yes,pass,https://github.com/ssvlabs/ssv-network/blob/feat/exhaustive-scenario-coverage/test/e2e/operators/op-gap.test.ts#L1027,,A-ACT-20; A-ACT-21; A-ACT-22; A-ACT-23; A-ACT-24; A-ACT-25; A-ACT-26; A-ACT-30; A-ACT-31; A-BOUND-03; A-BOUND-05; A-CHECK-09; A-CHECK-12; A-CHECK-13
operators,op-gap.test.ts,OE-013: SSV-only operator calls ETH withdraw → InsufficientBalance,SSV-only operator calls ETH withdraw → InsufficientBalance,yes,pass,https://github.com/ssvlabs/ssv-network/blob/feat/exhaustive-scenario-coverage/test/e2e/operators/op-gap.test.ts#L1068,,A-ACT-20; A-ACT-21; A-ACT-22; A-ACT-23; A-ACT-24; A-ACT-25; A-ACT-26; A-ACT-30; A-ACT-31; A-BOUND-03; A-BOUND-05; A-CHECK-09; A-CHECK-12; A-CHECK-13
operators,op-gap.test.ts,OE-028: Large accumulated balance near uint64 max — no overflow in accrual,Large accumulated balance near uint64 max — no overflow in accrual,yes,pass,https://github.com/ssvlabs/ssv-network/blob/feat/exhaustive-scenario-coverage/test/e2e/operators/op-gap.test.ts#L1098,,A-ACT-20; A-ACT-21; A-ACT-22; A-ACT-23; A-ACT-24; A-ACT-25; A-ACT-26; A-ACT-30; A-ACT-31; A-BOUND-03; A-BOUND-05; A-CHECK-09; A-CHECK-12; A-CHECK-13
operators,op-gap.test.ts,"OE-034: Accrual across SSV→ETH cluster migration — operator earns SSV before, ETH after","Accrual across SSV→ETH cluster migration — operator earns SSV before, ETH after",yes,pass,https://github.com/ssvlabs/ssv-network/blob/feat/exhaustive-scenario-coverage/test/e2e/operators/op-gap.test.ts#L1152,,A-ACT-20; A-ACT-21; A-ACT-22; A-ACT-23; A-ACT-24; A-ACT-25; A-ACT-26; A-ACT-30; A-ACT-31; A-BOUND-03; A-BOUND-05; A-CHECK-09; A-CHECK-12; A-CHECK-13
operators,op-gap.test.ts,OE-035: Parametric operator count (4/7/10/13) — earnings scale linearly with cluster size,Parametric operator count (4/7/10/13) — earnings scale linearly with cluster size,yes,pass,https://github.com/ssvlabs/ssv-network/blob/feat/exhaustive-scenario-coverage/test/e2e/operators/op-gap.test.ts#L1239,,A-ACT-20; A-ACT-21; A-ACT-22; A-ACT-23; A-ACT-24; A-ACT-25; A-ACT-26; A-ACT-30; A-ACT-31; A-BOUND-03; A-BOUND-05; A-CHECK-09; A-CHECK-12; A-CHECK-13
operators,op-gap.test.ts,OE-037: withdrawAllVersionOperatorEarnings on non-existent operator → OperatorDoesNotExist,WithdrawAllVersionOperatorEarnings on non-existent operator → OperatorDoesNotExist,yes,pass,https://github.com/ssvlabs/ssv-network/blob/feat/exhaustive-scenario-coverage/test/e2e/operators/op-gap.test.ts#L1298,,A-ACT-20; A-ACT-21; A-ACT-22; A-ACT-23; A-ACT-24; A-ACT-25; A-ACT-26; A-ACT-29; A-ACT-30; A-ACT-31; A-BOUND-03; A-BOUND-05; A-CHECK-09; A-CHECK-12; A-CHECK-13
operators,op-gap.test.ts,OE-041: Large accrual overflow via _safeUint64 — revert on snapshot update,Large accrual overflow via _safeUint64 — revert on snapshot update,yes,pass,https://github.com/ssvlabs/ssv-network/blob/feat/exhaustive-scenario-coverage/test/e2e/operators/op-gap.test.ts#L1312,,A-ACT-20; A-ACT-21; A-ACT-22; A-ACT-23; A-ACT-24; A-ACT-25; A-ACT-26; A-ACT-30; A-ACT-31; A-BOUND-03; A-BOUND-05; A-CHECK-09; A-CHECK-12; A-CHECK-13
operators,operator-economics.test.ts,Verifies exact earnings math with partial and full withdrawal,Verifies exact earnings math with partial and full withdrawal,no,pass,https://github.com/ssvlabs/ssv-network/blob/feat/exhaustive-scenario-coverage/test/e2e/operators/operator-economics.test.ts#L70,,A-ACT-28; A-ACT-29; A-BOUND-08; A-BOUND-09; A-CHECK-09; A-FEE-02; A-TEAR-02
operators,operator-economics.test.ts,Verifies continuous fee accrual across fee change boundary,Verifies continuous fee accrual across fee change boundary,no,pass,https://github.com/ssvlabs/ssv-network/blob/feat/exhaustive-scenario-coverage/test/e2e/operators/operator-economics.test.ts#L124,,A-ACT-28; A-ACT-29; A-BOUND-08; A-BOUND-09; A-CHECK-09; A-FEE-02; A-TEAR-02
operators,operator-economics.test.ts,"Operator earns from two clusters, correct accounting on partial removal","Operator earns from two clusters, correct accounting on partial removal",no,pass,https://github.com/ssvlabs/ssv-network/blob/feat/exhaustive-scenario-coverage/test/e2e/operators/operator-economics.test.ts#L219,,A-ACT-28; A-ACT-29; A-BOUND-08; A-BOUND-09; A-CHECK-09; A-FEE-02; A-TEAR-02
operators,operator-economics.test.ts,"Removes validators then operator, verifies final earnings withdrawal","Removes validators then operator, verifies final earnings withdrawal",no,pass,https://github.com/ssvlabs/ssv-network/blob/feat/exhaustive-scenario-coverage/test/e2e/operators/operator-economics.test.ts#L335,,A-ACT-28; A-ACT-29; A-BOUND-08; A-BOUND-09; A-CHECK-09; A-FEE-02; A-TEAR-02
operators,operator-economics.test.ts,Withdraws both ETH and SSV earnings in single call,Withdraws both ETH and SSV earnings in single call,no,pass,https://github.com/ssvlabs/ssv-network/blob/feat/exhaustive-scenario-coverage/test/e2e/operators/operator-economics.test.ts#L464,,A-ACT-28; A-ACT-29; A-BOUND-08; A-BOUND-09; A-CHECK-09; A-FEE-02; A-TEAR-02
operators,operator-economics.test.ts,"Only ETH earnings, no SSV — SSV transfer skipped","Only ETH earnings, no SSV — SSV transfer skipped",no,pass,https://github.com/ssvlabs/ssv-network/blob/feat/exhaustive-scenario-coverage/test/e2e/operators/operator-economics.test.ts#L521,,A-ACT-28; A-ACT-29; A-BOUND-08; A-BOUND-09; A-CHECK-09; A-FEE-02; A-TEAR-02
operators,operator-economics.test.ts,"Zero earnings in both versions — no reverts, no transfers","Zero earnings in both versions — no reverts, no transfers",no,pass,https://github.com/ssvlabs/ssv-network/blob/feat/exhaustive-scenario-coverage/test/e2e/operators/operator-economics.test.ts#L550,,A-ACT-28; A-ACT-29; A-BOUND-08; A-BOUND-09; A-CHECK-09; A-FEE-02; A-TEAR-02
operators,operator-edge-cases.test.ts,Removed operator preserves owner but zeros ethSnapshot.block,Removed operator preserves owner but zeros ethSnapshot.block,no,pass,https://github.com/ssvlabs/ssv-network/blob/feat/exhaustive-scenario-coverage/test/e2e/operators/operator-edge-cases.test.ts#L51,,A-ACT-20; A-CHECK-10
operators,operator-edge-cases.test.ts,Zero-fee operator stays at zero fee after ETH cluster interaction,Zero-fee operator stays at zero fee after ETH cluster interaction,no,pass,https://github.com/ssvlabs/ssv-network/blob/feat/exhaustive-scenario-coverage/test/e2e/operators/operator-edge-cases.test.ts#L72,,A-ACT-20; A-CHECK-10
operators,operator-edge-cases.test.ts,Zero-fee operator can never increase fee,Zero-fee operator can never increase fee,no,pass,https://github.com/ssvlabs/ssv-network/blob/feat/exhaustive-scenario-coverage/test/e2e/operators/operator-edge-cases.test.ts#L124,,A-ACT-20; A-CHECK-10
operators,operator-edge-cases.test.ts,Operator earnings are exact with standard vUnits (no truncation),Operator earnings are exact with standard vUnits (no truncation),no,pass,https://github.com/ssvlabs/ssv-network/blob/feat/exhaustive-scenario-coverage/test/e2e/operators/operator-edge-cases.test.ts#L144,,A-ACT-20; A-CHECK-10
operators,operator-edge-cases.test.ts,Precision is exact with standard vUnits regardless of fee magnitude,Precision is exact with standard vUnits regardless of fee magnitude,no,pass,https://github.com/ssvlabs/ssv-network/blob/feat/exhaustive-scenario-coverage/test/e2e/operators/operator-edge-cases.test.ts#L181,,A-ACT-20; A-CHECK-10
operators,operator-edge-cases.test.ts,Cluster can remove validators after one operator is removed,Cluster can remove validators after one operator is removed,no,pass,https://github.com/ssvlabs/ssv-network/blob/feat/exhaustive-scenario-coverage/test/e2e/operators/operator-edge-cases.test.ts#L221,,A-ACT-20; A-CHECK-10
operators,operator-edge-cases.test.ts,Cluster pays correct blended rate after operator fee changes,Cluster pays correct blended rate after operator fee changes,no,pass,https://github.com/ssvlabs/ssv-network/blob/feat/exhaustive-scenario-coverage/test/e2e/operators/operator-edge-cases.test.ts#L307,,A-ACT-20; A-CHECK-10
operators,operator-lifecycle.test.ts,Registers public operator with non-zero fee and verifies initial state,Registers public operator with non-zero fee and verifies initial state,no,pass,https://github.com/ssvlabs/ssv-network/blob/feat/exhaustive-scenario-coverage/test/e2e/operators/operator-lifecycle.test.ts#L46,,A-ACT-19; A-ACT-20; A-ACT-21; A-ACT-22; A-ACT-23; A-ACT-24; A-ACT-25; A-ACT-26; A-ACT-27; A-ACT-28; A-BOUND-04; A-BOUND-07; A-BOUND-08; A-CHECK-10; A-CHECK-11; A-CHECK-12; A-FEE-01; A-FEE-02
operators,operator-lifecycle.test.ts,"Register with fee=0 succeeds, operator is free forever","Register with fee=0 succeeds, operator is free forever",no,pass,https://github.com/ssvlabs/ssv-network/blob/feat/exhaustive-scenario-coverage/test/e2e/operators/operator-lifecycle.test.ts#L77,,A-ACT-19; A-ACT-20; A-ACT-21; A-ACT-22; A-ACT-23; A-ACT-24; A-ACT-25; A-ACT-26; A-ACT-27; A-ACT-28; A-BOUND-04; A-BOUND-07; A-BOUND-08; A-CHECK-10; A-CHECK-11; A-CHECK-12; A-FEE-01; A-FEE-02
operators,operator-lifecycle.test.ts,Register with setPrivate=true sets whitelisted flag,Register with setPrivate=true sets whitelisted flag,no,pass,https://github.com/ssvlabs/ssv-network/blob/feat/exhaustive-scenario-coverage/test/e2e/operators/operator-lifecycle.test.ts#L98,,A-ACT-19; A-ACT-20; A-ACT-21; A-ACT-22; A-ACT-23; A-ACT-24; A-ACT-25; A-ACT-26; A-ACT-27; A-ACT-28; A-BOUND-04; A-BOUND-07; A-BOUND-08; A-CHECK-10; A-CHECK-11; A-CHECK-12; A-FEE-01; A-FEE-02
operators,operator-lifecycle.test.ts,Register with same pubkey again reverts OperatorAlreadyExists,Register with same pubkey again reverts OperatorAlreadyExists,no,pass,https://github.com/ssvlabs/ssv-network/blob/feat/exhaustive-scenario-coverage/test/e2e/operators/operator-lifecycle.test.ts#L116,,A-ACT-19; A-ACT-20; A-ACT-21; A-ACT-22; A-ACT-23; A-ACT-24; A-ACT-25; A-ACT-26; A-ACT-27; A-ACT-28; A-BOUND-04; A-BOUND-07; A-BOUND-08; A-CHECK-10; A-CHECK-11; A-CHECK-12; A-FEE-01; A-FEE-02
operators,operator-lifecycle.test.ts,Register with fee not divisible by ETH_DEDUCTED_DIGITS reverts MaxPrecisionExceeded,Register with fee not divisible by ETH_DEDUCTED_DIGITS reverts MaxPrecisionExceeded,no,pass,https://github.com/ssvlabs/ssv-network/blob/feat/exhaustive-scenario-coverage/test/e2e/operators/operator-lifecycle.test.ts#L131,,A-ACT-19; A-ACT-20; A-ACT-21; A-ACT-22; A-ACT-23; A-ACT-24; A-ACT-25; A-ACT-26; A-ACT-27; A-ACT-28; A-BOUND-04; A-BOUND-07; A-BOUND-08; A-CHECK-10; A-CHECK-11; A-CHECK-12; A-FEE-01; A-FEE-02
operators,operator-lifecycle.test.ts,Registers private zero-fee operator and verifies fee immutability,Registers private zero-fee operator and verifies fee immutability,no,pass,https://github.com/ssvlabs/ssv-network/blob/feat/exhaustive-scenario-coverage/test/e2e/operators/operator-lifecycle.test.ts#L146,,A-ACT-19; A-ACT-20; A-ACT-21; A-ACT-22; A-ACT-23; A-ACT-24; A-ACT-25; A-ACT-26; A-ACT-27; A-ACT-28; A-BOUND-04; A-BOUND-07; A-BOUND-08; A-CHECK-10; A-CHECK-11; A-CHECK-12; A-FEE-01; A-FEE-02
operators,operator-lifecycle.test.ts,Operator registered with non-zero fee gets correct ethFee,Operator registered with non-zero fee gets correct ethFee,no,pass,https://github.com/ssvlabs/ssv-network/blob/feat/exhaustive-scenario-coverage/test/e2e/operators/operator-lifecycle.test.ts#L169,,A-ACT-19; A-ACT-20; A-ACT-21; A-ACT-22; A-ACT-23; A-ACT-24; A-ACT-25; A-ACT-26; A-ACT-27; A-ACT-28; A-BOUND-04; A-BOUND-07; A-BOUND-08; A-CHECK-10; A-CHECK-11; A-CHECK-12; A-FEE-01; A-FEE-02
operators,operator-lifecycle.test.ts,Operator registered with fee=0 and SSV fee=0 stays free,Operator registered with fee=0 and SSV fee=0 stays free,no,pass,https://github.com/ssvlabs/ssv-network/blob/feat/exhaustive-scenario-coverage/test/e2e/operators/operator-lifecycle.test.ts#L183,,A-ACT-19; A-ACT-20; A-ACT-21; A-ACT-22; A-ACT-23; A-ACT-24; A-ACT-25; A-ACT-26; A-ACT-27; A-ACT-28; A-BOUND-04; A-BOUND-07; A-BOUND-08; A-CHECK-10; A-CHECK-11; A-CHECK-12; A-FEE-01; A-FEE-02
operators,operator-lifecycle.test.ts,"Declares fee, waits, and executes within approval window","Declares fee, waits, and executes within approval window",no,pass,https://github.com/ssvlabs/ssv-network/blob/feat/exhaustive-scenario-coverage/test/e2e/operators/operator-lifecycle.test.ts#L197,,A-ACT-19; A-ACT-20; A-ACT-21; A-ACT-22; A-ACT-23; A-ACT-24; A-ACT-25; A-ACT-26; A-ACT-27; A-ACT-28; A-BOUND-04; A-BOUND-07; A-BOUND-08; A-CHECK-10; A-CHECK-11; A-CHECK-12; A-FEE-01; A-FEE-02
operators,operator-lifecycle.test.ts,Two full declare-execute cycles in sequence,Two full declare-execute cycles in sequence,no,pass,https://github.com/ssvlabs/ssv-network/blob/feat/exhaustive-scenario-coverage/test/e2e/operators/operator-lifecycle.test.ts#L263,,A-ACT-19; A-ACT-20; A-ACT-21; A-ACT-22; A-ACT-23; A-ACT-24; A-ACT-25; A-ACT-26; A-ACT-27; A-ACT-28; A-BOUND-04; A-BOUND-07; A-BOUND-08; A-CHECK-10; A-CHECK-11; A-CHECK-12; A-FEE-01; A-FEE-02
operators,operator-lifecycle.test.ts,Execute after approval window expires reverts,Execute after approval window expires reverts,no,pass,https://github.com/ssvlabs/ssv-network/blob/feat/exhaustive-scenario-coverage/test/e2e/operators/operator-lifecycle.test.ts#L332,,A-ACT-19; A-ACT-20; A-ACT-21; A-ACT-22; A-ACT-23; A-ACT-24; A-ACT-25; A-ACT-26; A-ACT-27; A-ACT-28; A-BOUND-04; A-BOUND-07; A-BOUND-08; A-CHECK-10; A-CHECK-11; A-CHECK-12; A-FEE-01; A-FEE-02
operators,operator-lifecycle.test.ts,Edge: cancel declared fee clears the request,Edge: cancel declared fee clears the request,no,pass,https://github.com/ssvlabs/ssv-network/blob/feat/exhaustive-scenario-coverage/test/e2e/operators/operator-lifecycle.test.ts#L367,,A-ACT-19; A-ACT-20; A-ACT-21; A-ACT-22; A-ACT-23; A-ACT-24; A-ACT-25; A-ACT-26; A-ACT-27; A-ACT-28; A-BOUND-04; A-BOUND-07; A-BOUND-08; A-CHECK-10; A-CHECK-11; A-CHECK-12; A-FEE-01; A-FEE-02
operators,operator-lifecycle.test.ts,Fee increase exceeding limit reverts FeeExceedsIncreaseLimit,Fee increase exceeding limit reverts FeeExceedsIncreaseLimit,no,pass,https://github.com/ssvlabs/ssv-network/blob/feat/exhaustive-scenario-coverage/test/e2e/operators/operator-lifecycle.test.ts#L399,,A-ACT-19; A-ACT-20; A-ACT-21; A-ACT-22; A-ACT-23; A-ACT-24; A-ACT-25; A-ACT-26; A-ACT-27; A-ACT-28; A-BOUND-04; A-BOUND-07; A-BOUND-08; A-CHECK-10; A-CHECK-11; A-CHECK-12; A-FEE-01; A-FEE-02
operators,operator-lifecycle.test.ts,"Reduces fee immediately, preserving earnings at old fee","Reduces fee immediately, preserving earnings at old fee",no,pass,https://github.com/ssvlabs/ssv-network/blob/feat/exhaustive-scenario-coverage/test/e2e/operators/operator-lifecycle.test.ts#L429,,A-ACT-19; A-ACT-20; A-ACT-21; A-ACT-22; A-ACT-23; A-ACT-24; A-ACT-25; A-ACT-26; A-ACT-27; A-ACT-28; A-BOUND-04; A-BOUND-07; A-BOUND-08; A-CHECK-10; A-CHECK-11; A-CHECK-12; A-FEE-01; A-FEE-02
operators,operator-lifecycle.test.ts,Reduce to exactly current fee reverts FeeIncreaseNotAllowed,Reduce to exactly current fee reverts FeeIncreaseNotAllowed,no,pass,https://github.com/ssvlabs/ssv-network/blob/feat/exhaustive-scenario-coverage/test/e2e/operators/operator-lifecycle.test.ts#L481,,A-ACT-19; A-ACT-20; A-ACT-21; A-ACT-22; A-ACT-23; A-ACT-24; A-ACT-25; A-ACT-26; A-ACT-27; A-ACT-28; A-BOUND-04; A-BOUND-07; A-BOUND-08; A-CHECK-10; A-CHECK-11; A-CHECK-12; A-FEE-01; A-FEE-02
operators,operator-lifecycle.test.ts,Reduce to higher fee reverts FeeIncreaseNotAllowed,Reduce to higher fee reverts FeeIncreaseNotAllowed,no,pass,https://github.com/ssvlabs/ssv-network/blob/feat/exhaustive-scenario-coverage/test/e2e/operators/operator-lifecycle.test.ts#L495,,A-ACT-19; A-ACT-20; A-ACT-21; A-ACT-22; A-ACT-23; A-ACT-24; A-ACT-25; A-ACT-26; A-ACT-27; A-ACT-28; A-BOUND-04; A-BOUND-07; A-BOUND-08; A-CHECK-10; A-CHECK-11; A-CHECK-12; A-FEE-01; A-FEE-02
operators,operator-lifecycle.test.ts,Reducing fee clears pending fee change request,Reducing fee clears pending fee change request,no,pass,https://github.com/ssvlabs/ssv-network/blob/feat/exhaustive-scenario-coverage/test/e2e/operators/operator-lifecycle.test.ts#L510,,A-ACT-19; A-ACT-20; A-ACT-21; A-ACT-22; A-ACT-23; A-ACT-24; A-ACT-25; A-ACT-26; A-ACT-27; A-ACT-28; A-BOUND-04; A-BOUND-07; A-BOUND-08; A-CHECK-10; A-CHECK-11; A-CHECK-12; A-FEE-01; A-FEE-02
operators,operator-lifecycle.test.ts,Accumulates earnings and supports partial + full withdrawal,Accumulates earnings and supports partial + full withdrawal,no,pass,https://github.com/ssvlabs/ssv-network/blob/feat/exhaustive-scenario-coverage/test/e2e/operators/operator-lifecycle.test.ts#L557,,A-ACT-19; A-ACT-20; A-ACT-21; A-ACT-22; A-ACT-23; A-ACT-24; A-ACT-25; A-ACT-26; A-ACT-27; A-ACT-28; A-BOUND-04; A-BOUND-07; A-BOUND-08; A-CHECK-10; A-CHECK-11; A-CHECK-12; A-FEE-01; A-FEE-02
operators,operator-lifecycle.test.ts,Legacy SSV operator can reduce ethFee to 0 without getting default on migration,Legacy SSV operator can reduce ethFee to 0 without getting default on migration,no,pass,https://github.com/ssvlabs/ssv-network/blob/feat/exhaustive-scenario-coverage/test/e2e/operators/operator-lifecycle.test.ts#L648,,A-ACT-19; A-ACT-20; A-ACT-21; A-ACT-22; A-ACT-23; A-ACT-24; A-ACT-25; A-ACT-26; A-ACT-27; A-ACT-28; A-BOUND-04; A-BOUND-07; A-BOUND-08; A-CHECK-10; A-CHECK-11; A-CHECK-12; A-FEE-01; A-FEE-02
operators,operator-lifecycle.test.ts,Operator reduces fee immediately after registration (ethSnapshot already initialized),Operator reduces fee immediately after registration (ethSnapshot already initialized),no,pass,https://github.com/ssvlabs/ssv-network/blob/feat/exhaustive-scenario-coverage/test/e2e/operators/operator-lifecycle.test.ts#L721,,A-ACT-19; A-ACT-20; A-ACT-21; A-ACT-22; A-ACT-23; A-ACT-24; A-ACT-25; A-ACT-26; A-ACT-27; A-ACT-28; A-BOUND-04; A-BOUND-07; A-BOUND-08; A-CHECK-10; A-CHECK-11; A-CHECK-12; A-FEE-01; A-FEE-02
operators,operator-lifecycle.test.ts,Operator can reduce to 0 then cannot increase via declareOperatorFee,Operator can reduce to 0 then cannot increase via declareOperatorFee,no,pass,https://github.com/ssvlabs/ssv-network/blob/feat/exhaustive-scenario-coverage/test/e2e/operators/operator-lifecycle.test.ts#L745,,A-ACT-19; A-ACT-20; A-ACT-21; A-ACT-22; A-ACT-23; A-ACT-24; A-ACT-25; A-ACT-26; A-ACT-27; A-ACT-28; A-BOUND-04; A-BOUND-07; A-BOUND-08; A-CHECK-10; A-CHECK-11; A-CHECK-12; A-FEE-01; A-FEE-02
operators,operator-lifecycle.test.ts,"Removes operator with earnings, transfers funds, and cleans up state","Removes operator with earnings, transfers funds, and cleans up state",no,pass,https://github.com/ssvlabs/ssv-network/blob/feat/exhaustive-scenario-coverage/test/e2e/operators/operator-lifecycle.test.ts#L776,,A-ACT-19; A-ACT-20; A-ACT-21; A-ACT-22; A-ACT-23; A-ACT-24; A-ACT-25; A-ACT-26; A-ACT-27; A-ACT-28; A-BOUND-04; A-BOUND-07; A-BOUND-08; A-CHECK-10; A-CHECK-11; A-CHECK-12; A-FEE-01; A-FEE-02
operators,operator-lifecycle.test.ts,Remove operator with 0 earnings in both versions,Remove operator with 0 earnings in both versions,no,pass,https://github.com/ssvlabs/ssv-network/blob/feat/exhaustive-scenario-coverage/test/e2e/operators/operator-lifecycle.test.ts#L853,,A-ACT-19; A-ACT-20; A-ACT-21; A-ACT-22; A-ACT-23; A-ACT-24; A-ACT-25; A-ACT-26; A-ACT-27; A-ACT-28; A-BOUND-04; A-BOUND-07; A-BOUND-08; A-CHECK-10; A-CHECK-11; A-CHECK-12; A-FEE-01; A-FEE-02
operators,operator-lifecycle.test.ts,"After removal, registering validator with removed operator reverts","After removal, registering validator with removed operator reverts",no,pass,https://github.com/ssvlabs/ssv-network/blob/feat/exhaustive-scenario-coverage/test/e2e/operators/operator-lifecycle.test.ts#L870,,A-ACT-19; A-ACT-20; A-ACT-21; A-ACT-22; A-ACT-23; A-ACT-24; A-ACT-25; A-ACT-26; A-ACT-27; A-ACT-28; A-BOUND-04; A-BOUND-07; A-BOUND-08; A-CHECK-10; A-CHECK-11; A-CHECK-12; A-FEE-01; A-FEE-02
operators,operator-lifecycle.test.ts,Double removal reverts OperatorDoesNotExist,Double removal reverts OperatorDoesNotExist,no,pass,https://github.com/ssvlabs/ssv-network/blob/feat/exhaustive-scenario-coverage/test/e2e/operators/operator-lifecycle.test.ts#L900,,A-ACT-19; A-ACT-20; A-ACT-21; A-ACT-22; A-ACT-23; A-ACT-24; A-ACT-25; A-ACT-26; A-ACT-27; A-ACT-28; A-BOUND-04; A-BOUND-07; A-BOUND-08; A-CHECK-10; A-CHECK-11; A-CHECK-12; A-FEE-01; A-FEE-02
operators,operator-reverts.test.ts,Reverts with OperatorAlreadyExists when registering operator with same pubkey,Reverts with OperatorAlreadyExists when registering operator with same pubkey,no,pass,https://github.com/ssvlabs/ssv-network/blob/feat/exhaustive-scenario-coverage/test/e2e/operators/operator-reverts.test.ts#L39,,
operators,operator-reverts.test.ts,Reverts with OperatorDoesNotExist when registering validator with removed operator,Reverts with OperatorDoesNotExist when registering validator with removed operator,no,pass,https://github.com/ssvlabs/ssv-network/blob/feat/exhaustive-scenario-coverage/test/e2e/operators/operator-reverts.test.ts#L57,,
operators,operator-reverts.test.ts,Reverts with CallerNotWhitelistedWithData when registering on private operator without whitelist,Reverts with CallerNotWhitelistedWithData when registering on private operator without whitelist,no,pass,https://github.com/ssvlabs/ssv-network/blob/feat/exhaustive-scenario-coverage/test/e2e/operators/operator-reverts.test.ts#L87,,
operators,operator-reverts.test.ts,Reverts with OperatorDoesNotExist when removing non-existent operator,Reverts with OperatorDoesNotExist when removing non-existent operator,no,pass,https://github.com/ssvlabs/ssv-network/blob/feat/exhaustive-scenario-coverage/test/e2e/operators/operator-reverts.test.ts#L113,,
operators,operator-reverts.test.ts,Reverts with CallerNotOwnerWithData when non-owner tries to remove operator,Reverts with CallerNotOwnerWithData when non-owner tries to remove operator,no,pass,https://github.com/ssvlabs/ssv-network/blob/feat/exhaustive-scenario-coverage/test/e2e/operators/operator-reverts.test.ts#L124,,
operators,operator-reverts.test.ts,Reverts with OperatorDoesNotExist when removing already-removed operator,Reverts with OperatorDoesNotExist when removing already-removed operator,no,pass,https://github.com/ssvlabs/ssv-network/blob/feat/exhaustive-scenario-coverage/test/e2e/operators/operator-reverts.test.ts#L138,,
operators,wl-gap.test.ts,WL-003: same-slot multi-operator mask sharing,Same-slot multi-operator mask sharing,yes,pass,https://github.com/ssvlabs/ssv-network/blob/feat/exhaustive-scenario-coverage/test/e2e/operators/wl-gap.test.ts#L104,,
operators,wl-gap.test.ts,WL-004: cross-slot boundary (ops spanning blockIndex 0 and 1),Cross-slot boundary (ops spanning blockIndex 0 and 1),yes,pass,https://github.com/ssvlabs/ssv-network/blob/feat/exhaustive-scenario-coverage/test/e2e/operators/wl-gap.test.ts#L129,,
operators,wl-gap.test.ts,"WL-006: bit-position boundary (op 255 = bit 255, op 256 = bit 0 of next slot)","Bit-position boundary (op 255 = bit 255, op 256 = bit 0 of next slot)",yes,pass,https://github.com/ssvlabs/ssv-network/blob/feat/exhaustive-scenario-coverage/test/e2e/operators/wl-gap.test.ts#L159,,
operators,wl-gap.test.ts,WL-007: idempotent re-whitelist same address (OR is idempotent),Idempotent re-whitelist same address (OR is idempotent),yes,pass,https://github.com/ssvlabs/ssv-network/blob/feat/exhaustive-scenario-coverage/test/e2e/operators/wl-gap.test.ts#L198,,
operators,wl-gap.test.ts,WL-012: revert AddressIsWhitelistingContract when passing ERC165 contract to bitmap path,Revert AddressIsWhitelistingContract when passing ERC165 contract to bitmap path,yes,pass,https://github.com/ssvlabs/ssv-network/blob/feat/exhaustive-scenario-coverage/test/e2e/operators/wl-gap.test.ts#L220,,
operators,wl-gap.test.ts,WL-018: remove address not whitelisted succeeds silently (AND ~mask is idempotent),Remove address not whitelisted succeeds silently (AND ~mask is idempotent),yes,pass,https://github.com/ssvlabs/ssv-network/blob/feat/exhaustive-scenario-coverage/test/e2e/operators/wl-gap.test.ts#L240,,
operators,wl-gap.test.ts,WL-020: remove path skips isWhitelistingContract check — can remove whitelisting contract address,Remove path skips isWhitelistingContract check — can remove whitelisting contract address,yes,pass,https://github.com/ssvlabs/ssv-network/blob/feat/exhaustive-scenario-coverage/test/e2e/operators/wl-gap.test.ts#L260,,
operators,wl-gap.test.ts,WL-022: legacy EOA migrated to bitmap when setting whitelisting contract,Legacy EOA migrated to bitmap when setting whitelisting contract,yes,pass,https://github.com/ssvlabs/ssv-network/blob/feat/exhaustive-scenario-coverage/test/e2e/operators/wl-gap.test.ts#L284,,
operators,wl-gap.test.ts,WL-030: registration succeeds via whitelisting contract path (operatorsWhitelist slot),Registration succeeds via whitelisting contract path (operatorsWhitelist slot),yes,pass,https://github.com/ssvlabs/ssv-network/blob/feat/exhaustive-scenario-coverage/test/e2e/operators/wl-gap.test.ts#L358,,
operators,wl-gap.test.ts,WL-032: revert when whitelisting contract returns false for caller,Revert when whitelisting contract returns false for caller,yes,pass,https://github.com/ssvlabs/ssv-network/blob/feat/exhaustive-scenario-coverage/test/e2e/operators/wl-gap.test.ts#L386,,
operators,wl-gap.test.ts,WL-037: removeOperator clears operatorsWhitelist but NOT whitelisted flag (isPrivate),RemoveOperator clears operatorsWhitelist but NOT whitelisted flag (isPrivate),yes,pass,https://github.com/ssvlabs/ssv-network/blob/feat/exhaustive-scenario-coverage/test/e2e/operators/wl-gap.test.ts#L406,,
operators,wl-gap.test.ts,WL-038: bitmap residue after removeOperator — stale bit persists harmlessly,Bitmap residue after removeOperator — stale bit persists harmlessly,yes,pass,https://github.com/ssvlabs/ssv-network/blob/feat/exhaustive-scenario-coverage/test/e2e/operators/wl-gap.test.ts#L448,,
operators,wl-gap.test.ts,WL-039: privacy toggle lifecycle — whitelist persists through public/private transitions,Privacy toggle lifecycle — whitelist persists through public/private transitions,yes,pass,https://github.com/ssvlabs/ssv-network/blob/feat/exhaustive-scenario-coverage/test/e2e/operators/wl-gap.test.ts#L487,,
operators,wl-gap.test.ts,"WL-040: cross-slot bulk bitmap stress ([1, 255, 256, 511, 512])","Cross-slot bulk bitmap stress ([1, 255, 256, 511, 512])",yes,pass,https://github.com/ssvlabs/ssv-network/blob/feat/exhaustive-scenario-coverage/test/e2e/operators/wl-gap.test.ts#L546,,
operators,wl-gap.test.ts,WL-050: removeOperatorsWhitelistingContract on operator with no contract set — no-op,RemoveOperatorsWhitelistingContract on operator with no contract set — no-op,yes,pass,https://github.com/ssvlabs/ssv-network/blob/feat/exhaustive-scenario-coverage/test/e2e/operators/wl-gap.test.ts#L598,,
operators,wl-gap.test.ts,WL-051: bitmap cache reload — register with operators spanning 2 blockIndex slots,Bitmap cache reload — register with operators spanning 2 blockIndex slots,yes,pass,https://github.com/ssvlabs/ssv-network/blob/feat/exhaustive-scenario-coverage/test/e2e/operators/wl-gap.test.ts#L615,,
operators,wl-gap.test.ts,WL-053: non-whitelisting contract in operatorsWhitelist slot — registration reverts,Non-whitelisting contract in operatorsWhitelist slot — registration reverts,yes,pass,https://github.com/ssvlabs/ssv-network/blob/feat/exhaustive-scenario-coverage/test/e2e/operators/wl-gap.test.ts#L642,,
operators,wl-gap.test.ts,"WL-054: cross-slot unsorted input [256, 255] reverts","Cross-slot unsorted input [256, 255] reverts",yes,pass,https://github.com/ssvlabs/ssv-network/blob/feat/exhaustive-scenario-coverage/test/e2e/operators/wl-gap.test.ts#L667,,
operators,wl-gap.test.ts,"WL-055: sparse-gap masks — operators [1, 512] with empty blocks between","Sparse-gap masks — operators [1, 512] with empty blocks between",yes,pass,https://github.com/ssvlabs/ssv-network/blob/feat/exhaustive-scenario-coverage/test/e2e/operators/wl-gap.test.ts#L690,,
operators,wl-gap.test.ts,WL-059: existing whitelisting contract replaced — old contract has no residual effect,Existing whitelisting contract replaced — old contract has no residual effect,yes,pass,https://github.com/ssvlabs/ssv-network/blob/feat/exhaustive-scenario-coverage/test/e2e/operators/wl-gap.test.ts#L719,,
operators,wl-gap.test.ts,WL-060: whitelisting contract that reverts on isWhitelisted — registration reverts,Whitelisting contract that reverts on isWhitelisted — registration reverts,yes,pass,https://github.com/ssvlabs/ssv-network/blob/feat/exhaustive-scenario-coverage/test/e2e/operators/wl-gap.test.ts#L755,,
operators,wl-gap.test.ts,"WL-063: remove whitelisting contract, no bitmap fallback — private registration reverts","Remove whitelisting contract, no bitmap fallback — private registration reverts",yes,pass,https://github.com/ssvlabs/ssv-network/blob/feat/exhaustive-scenario-coverage/test/e2e/operators/wl-gap.test.ts#L777,,
operators,wl-gap.test.ts,WL-064: toggle public→private: whitelisting contract slot persists across toggle,Toggle public→private: whitelisting contract slot persists across toggle,yes,pass,https://github.com/ssvlabs/ssv-network/blob/feat/exhaustive-scenario-coverage/test/e2e/operators/wl-gap.test.ts#L805,,
removed-operator,inv-removed-operator.test.ts,"After removing operator with no clusters, G11 holds","After removing operator with no clusters, G11 holds",yes,pass,https://github.com/ssvlabs/ssv-network/blob/feat/exhaustive-scenario-coverage/test/e2e/removed-operator/inv-removed-operator.test.ts#L247,,
removed-operator,inv-removed-operator.test.ts,"After removing operator from active implicit-EB cluster, G11 holds","After removing operator from active implicit-EB cluster, G11 holds",yes,pass,https://github.com/ssvlabs/ssv-network/blob/feat/exhaustive-scenario-coverage/test/e2e/removed-operator/inv-removed-operator.test.ts#L268,,
removed-operator,inv-removed-operator.test.ts,EB update after operator removal writes stale vUnits to removed operator,EB update after operator removal writes stale vUnits to removed operator,yes,pass,https://github.com/ssvlabs/ssv-network/blob/feat/exhaustive-scenario-coverage/test/e2e/removed-operator/inv-removed-operator.test.ts#L299,,
removed-operator,inv-removed-operator.test.ts,Both removed operators get stale vUnits after EB update,Both removed operators get stale vUnits after EB update,yes,pass,https://github.com/ssvlabs/ssv-network/blob/feat/exhaustive-scenario-coverage/test/e2e/removed-operator/inv-removed-operator.test.ts#L337,,
removed-operator,inv-removed-operator.test.ts,Liquidation deviation cleanup underflows on removed operator — cluster permanently stuck,Liquidation deviation cleanup underflows on removed operator — cluster permanently stuck,yes,pass,https://github.com/ssvlabs/ssv-network/blob/feat/exhaustive-scenario-coverage/test/e2e/removed-operator/inv-removed-operator.test.ts#L376,,
removed-operator,inv-removed-operator.test.ts,Reactivation correctly skips removed operator (ethSnapshot.block == 0),Reactivation correctly skips removed operator (ethSnapshot.block == 0),yes,pass,https://github.com/ssvlabs/ssv-network/blob/feat/exhaustive-scenario-coverage/test/e2e/removed-operator/inv-removed-operator.test.ts#L445,,
removed-operator,inv-removed-operator.test.ts,Migration after operator removal preserves G11 when no EB deviation exists,Migration after operator removal preserves G11 when no EB deviation exists,yes,pass,https://github.com/ssvlabs/ssv-network/blob/feat/exhaustive-scenario-coverage/test/e2e/removed-operator/inv-removed-operator.test.ts#L487,,
removed-operator,inv-removed-operator.test.ts,Cumulative stale data from two independent clusters on removed shared operator,Cumulative stale data from two independent clusters on removed shared operator,yes,pass,https://github.com/ssvlabs/ssv-network/blob/feat/exhaustive-scenario-coverage/test/e2e/removed-operator/inv-removed-operator.test.ts#L541,,
removed-operator,inv-removed-operator.test.ts,Full lifecycle: EB → removal → liquidation reverts (deviation cleanup underflows),Full lifecycle: EB → removal → liquidation reverts (deviation cleanup underflows),yes,pass,https://github.com/ssvlabs/ssv-network/blob/feat/exhaustive-scenario-coverage/test/e2e/removed-operator/inv-removed-operator.test.ts#L610,,
removed-operator,inv-removed-operator.test.ts,Removing operator preserves DAO validator count — cluster still has validators,Removing operator preserves DAO validator count — cluster still has validators,yes,pass,https://github.com/ssvlabs/ssv-network/blob/feat/exhaustive-scenario-coverage/test/e2e/removed-operator/inv-removed-operator.test.ts#L686,,
removed-operator,inv-removed-operator.test.ts,"After removal + EB update, daoTotalEthVUnits includes stale data from removed op","After removal + EB update, daoTotalEthVUnits includes stale data from removed op",yes,pass,https://github.com/ssvlabs/ssv-network/blob/feat/exhaustive-scenario-coverage/test/e2e/removed-operator/inv-removed-operator.test.ts#L725,,
removed-operator,inv-removed-operator.test.ts,"G1+G3+G4+G10+G11 across register, EB, removal, liquidation, reactivation","G1+G3+G4+G10+G11 across register, EB, removal, liquidation, reactivation",yes,pass,https://github.com/ssvlabs/ssv-network/blob/feat/exhaustive-scenario-coverage/test/e2e/removed-operator/inv-removed-operator.test.ts#L776,,
removed-operator,inv-removed-operator.test.ts,Removing validator from cluster with removed operator preserves G11,Removing validator from cluster with removed operator preserves G11,yes,pass,https://github.com/ssvlabs/ssv-network/blob/feat/exhaustive-scenario-coverage/test/e2e/removed-operator/inv-removed-operator.test.ts#L891,,
removed-operator,inv-removed-operator.test.ts,Depositing into cluster with removed operator does not touch vUnits,Depositing into cluster with removed operator does not touch vUnits,yes,pass,https://github.com/ssvlabs/ssv-network/blob/feat/exhaustive-scenario-coverage/test/e2e/removed-operator/inv-removed-operator.test.ts#L935,,
removed-operator,inv-removed-operator.test.ts,Prior EB update's stale data on removed op survives liquidation+reactivation cycle,Prior EB update's stale data on removed op survives liquidation+reactivation cycle,yes,pass,https://github.com/ssvlabs/ssv-network/blob/feat/exhaustive-scenario-coverage/test/e2e/removed-operator/inv-removed-operator.test.ts#L969,,
removed-operator,inv-removed-operator.test.ts,Withdrawing from cluster with removed operator does not touch vUnits,Withdrawing from cluster with removed operator does not touch vUnits,yes,pass,https://github.com/ssvlabs/ssv-network/blob/feat/exhaustive-scenario-coverage/test/e2e/removed-operator/inv-removed-operator.test.ts#L1039,,
removed-operator,rm1-update-vunits.test.ts,"RM1-001: removeOp + EB increase → no guard, removed op resurrected (known bug)","RemoveOp + EB increase → no guard, removed op resurrected (known bug)",yes,pass,https://github.com/ssvlabs/ssv-network/blob/feat/exhaustive-scenario-coverage/test/e2e/removed-operator/rm1-update-vunits.test.ts#L291,,
removed-operator,rm1-update-vunits.test.ts,"RM1-002: removeOp + EB decrease → no guard, underflow Panic(0x11) (known bug)","RemoveOp + EB decrease → no guard, underflow Panic(0x11) (known bug)",yes,pass,https://github.com/ssvlabs/ssv-network/blob/feat/exhaustive-scenario-coverage/test/e2e/removed-operator/rm1-update-vunits.test.ts#L338,,
removed-operator,rm1-update-vunits.test.ts,"RM1-003: 7 ops, removeOp + EB increase → removed op resurrected (known bug)","7 ops, removeOp + EB increase → removed op resurrected (known bug)",yes,pass,https://github.com/ssvlabs/ssv-network/blob/feat/exhaustive-scenario-coverage/test/e2e/removed-operator/rm1-update-vunits.test.ts#L386,,
removed-operator,rm1-update-vunits.test.ts,"RM1-004: 7 ops, removeOp + EB decrease → underflow Panic(0x11) (known bug)","7 ops, removeOp + EB decrease → underflow Panic(0x11) (known bug)",yes,pass,https://github.com/ssvlabs/ssv-network/blob/feat/exhaustive-scenario-coverage/test/e2e/removed-operator/rm1-update-vunits.test.ts#L431,,
removed-operator,rm1-update-vunits.test.ts,"RM1-005: 10 ops, removeOp + EB increase → removed op resurrected (known bug)","10 ops, removeOp + EB increase → removed op resurrected (known bug)",yes,pass,https://github.com/ssvlabs/ssv-network/blob/feat/exhaustive-scenario-coverage/test/e2e/removed-operator/rm1-update-vunits.test.ts#L470,,
removed-operator,rm1-update-vunits.test.ts,"RM1-006: 10 ops, removeOp + EB decrease → underflow Panic(0x11) (known bug)","10 ops, removeOp + EB decrease → underflow Panic(0x11) (known bug)",yes,pass,https://github.com/ssvlabs/ssv-network/blob/feat/exhaustive-scenario-coverage/test/e2e/removed-operator/rm1-update-vunits.test.ts#L515,,
removed-operator,rm1-update-vunits.test.ts,"RM1-007: 13 ops, removeOp + EB increase → removed op resurrected (known bug)","13 ops, removeOp + EB increase → removed op resurrected (known bug)",yes,pass,https://github.com/ssvlabs/ssv-network/blob/feat/exhaustive-scenario-coverage/test/e2e/removed-operator/rm1-update-vunits.test.ts#L554,,
removed-operator,rm1-update-vunits.test.ts,"RM1-008: 13 ops, removeOp + EB decrease → underflow Panic(0x11) (known bug)","13 ops, removeOp + EB decrease → underflow Panic(0x11) (known bug)",yes,pass,https://github.com/ssvlabs/ssv-network/blob/feat/exhaustive-scenario-coverage/test/e2e/removed-operator/rm1-update-vunits.test.ts#L599,,
removed-operator,rm1-update-vunits.test.ts,"RM1-009: removeOp + EB increase → removed op resurrected, all ops get deviation (known bug)","RemoveOp + EB increase → removed op resurrected, all ops get deviation (known bug)",yes,pass,https://github.com/ssvlabs/ssv-network/blob/feat/exhaustive-scenario-coverage/test/e2e/removed-operator/rm1-update-vunits.test.ts#L638,,
removed-operator,rm1-update-vunits.test.ts,RM1-010: removeOp + EB decrease → underflow Panic(0x11) (known bug),RemoveOp + EB decrease → underflow Panic(0x11) (known bug),yes,pass,https://github.com/ssvlabs/ssv-network/blob/feat/exhaustive-scenario-coverage/test/e2e/removed-operator/rm1-update-vunits.test.ts#L689,,
removed-operator,rm1-update-vunits.test.ts,"RM1-011: removeOp + EB increase → daoTotalEthVUnits correct, removed op resurrected (known bug)","RemoveOp + EB increase → daoTotalEthVUnits correct, removed op resurrected (known bug)",yes,pass,https://github.com/ssvlabs/ssv-network/blob/feat/exhaustive-scenario-coverage/test/e2e/removed-operator/rm1-update-vunits.test.ts#L738,,
removed-operator,rm1-update-vunits.test.ts,RM1-012: removeOp + EB decrease → underflow Panic(0x11) (known bug),RemoveOp + EB decrease → underflow Panic(0x11) (known bug),yes,pass,https://github.com/ssvlabs/ssv-network/blob/feat/exhaustive-scenario-coverage/test/e2e/removed-operator/rm1-update-vunits.test.ts#L794,,
removed-operator,rm1-update-vunits.test.ts,"RM1-013: after EB increase with removed op, deposit succeeds (op resurrected, known bug)","After EB increase with removed op, deposit succeeds (op resurrected, known bug)",yes,pass,https://github.com/ssvlabs/ssv-network/blob/feat/exhaustive-scenario-coverage/test/e2e/removed-operator/rm1-update-vunits.test.ts#L839,,
removed-operator,rm1-update-vunits.test.ts,RM1-014: EB decrease with removed op reverts — underflow Panic(0x11) (known bug),EB decrease with removed op reverts — underflow Panic(0x11) (known bug),yes,pass,https://github.com/ssvlabs/ssv-network/blob/feat/exhaustive-scenario-coverage/test/e2e/removed-operator/rm1-update-vunits.test.ts#L896,,
removed-operator,rm1-update-vunits.test.ts,RM1-015: remove op before any EB update → first explicit EB resurrects removed op (known bug),Remove op before any EB update → first explicit EB resurrects removed op (known bug),yes,pass,https://github.com/ssvlabs/ssv-network/blob/feat/exhaustive-scenario-coverage/test/e2e/removed-operator/rm1-update-vunits.test.ts#L937,,
removed-operator,rm1-update-vunits.test.ts,RM1-016: remove op1 → EB increase → remove op2 → EB decrease reverts (known bug),Remove op1 → EB increase → remove op2 → EB decrease reverts (known bug),yes,pass,https://github.com/ssvlabs/ssv-network/blob/feat/exhaustive-scenario-coverage/test/e2e/removed-operator/rm1-update-vunits.test.ts#L987,,
removed-operator,rm1-update-vunits.test.ts,RM1-017: remove op → EB increase → EB decrease → resurrected then zeroed (known bug),Remove op → EB increase → EB decrease → resurrected then zeroed (known bug),yes,pass,https://github.com/ssvlabs/ssv-network/blob/feat/exhaustive-scenario-coverage/test/e2e/removed-operator/rm1-update-vunits.test.ts#L1055,,
removed-operator,rm1-update-vunits.test.ts,RM1-018: no guard — EB increase after removeOperator DOES write to deleted slot (known bug),No guard — EB increase after removeOperator DOES write to deleted slot (known bug),yes,pass,https://github.com/ssvlabs/ssv-network/blob/feat/exhaustive-scenario-coverage/test/e2e/removed-operator/rm1-update-vunits.test.ts#L1124,,
removed-operator,rm1-update-vunits.test.ts,RM1-019: no guard — EB decrease after removeOperator causes underflow Panic(0x11) (known bug),No guard — EB decrease after removeOperator causes underflow Panic(0x11) (known bug),yes,pass,https://github.com/ssvlabs/ssv-network/blob/feat/exhaustive-scenario-coverage/test/e2e/removed-operator/rm1-update-vunits.test.ts#L1169,,
removed-operator,rm1-update-vunits.test.ts,RM1-020: no guard — chained EB increase + partial decrease leaves residual on removed op (known bug),No guard — chained EB increase + partial decrease leaves residual on removed op (known bug),yes,pass,https://github.com/ssvlabs/ssv-network/blob/feat/exhaustive-scenario-coverage/test/e2e/removed-operator/rm1-update-vunits.test.ts#L1204,,
removed-operator,rm1-update-vunits.test.ts,RM1-021: real removeOperator deletes vUnits → EB increase resurrects (known bug),Real removeOperator deletes vUnits → EB increase resurrects (known bug),yes,pass,https://github.com/ssvlabs/ssv-network/blob/feat/exhaustive-scenario-coverage/test/e2e/removed-operator/rm1-update-vunits.test.ts#L1271,,
removed-operator,rm1-update-vunits.test.ts,RM1-022: real removeOperator deletes vUnits → EB decrease causes underflow Panic(0x11) (known bug),Real removeOperator deletes vUnits → EB decrease causes underflow Panic(0x11) (known bug),yes,pass,https://github.com/ssvlabs/ssv-network/blob/feat/exhaustive-scenario-coverage/test/e2e/removed-operator/rm1-update-vunits.test.ts#L1325,,
removed-operator,rm1-update-vunits.test.ts,"RM1-023: shared op removed → EB updates on both clusters resurrect it (cross-cluster contamination, known bug)","Shared op removed → EB updates on both clusters resurrect it (cross-cluster contamination, known bug)",yes,pass,https://github.com/ssvlabs/ssv-network/blob/feat/exhaustive-scenario-coverage/test/e2e/removed-operator/rm1-update-vunits.test.ts#L1370,,
removed-operator,rm1-update-vunits.test.ts,RM1-024: remove all 4 ops → EB increase → all ops resurrected (known bug),Remove all 4 ops → EB increase → all ops resurrected (known bug),yes,pass,https://github.com/ssvlabs/ssv-network/blob/feat/exhaustive-scenario-coverage/test/e2e/removed-operator/rm1-update-vunits.test.ts#L1503,,
removed-operator,rm1-update-vunits.test.ts,RM1-025: EB update where newVUnits == storedVUnits → _updateOperatorVUnits not called → removed op irrelevant,EB update where newVUnits == storedVUnits → _updateOperatorVUnits not called → removed op irrelevant,yes,pass,https://github.com/ssvlabs/ssv-network/blob/feat/exhaustive-scenario-coverage/test/e2e/removed-operator/rm1-update-vunits.test.ts#L1565,,
removed-operator,rm2-liquidation.test.ts,"${scenarioId}: ${numOps}-op cluster, explicit EB (${effectiveBalance} ETH), remove op1, third-party liquidate","...: ...-op cluster, explicit EB (... ETH), remove op1, third-party liquidate",yes,pass,https://github.com/ssvlabs/ssv-network/blob/feat/exhaustive-scenario-coverage/test/e2e/removed-operator/rm2-liquidation.test.ts#L281,,
removed-operator,rm2-liquidation.test.ts,"${scenarioId}: ${numOps}-op cluster, explicit EB at baseline (32 ETH), remove op1, liquidate — clean path","...: ...-op cluster, explicit EB at baseline (32 ETH), remove op1, liquidate — clean path",yes,pass,https://github.com/ssvlabs/ssv-network/blob/feat/exhaustive-scenario-coverage/test/e2e/removed-operator/rm2-liquidation.test.ts#L354,,
removed-operator,rm2-liquidation.test.ts,"RM2-009: 4-op cluster, explicit EB, remove op1, owner self-liquidates","4-op cluster, explicit EB, remove op1, owner self-liquidates",yes,pass,https://github.com/ssvlabs/ssv-network/blob/feat/exhaustive-scenario-coverage/test/e2e/removed-operator/rm2-liquidation.test.ts#L416,,
removed-operator,rm2-liquidation.test.ts,RM2-010: operatorEthVUnits[removedOp] == 0 post-liquidation,OperatorEthVUnits[removedOp] == 0 post-liquidation,yes,pass,https://github.com/ssvlabs/ssv-network/blob/feat/exhaustive-scenario-coverage/test/e2e/removed-operator/rm2-liquidation.test.ts#L453,,
removed-operator,rm2-liquidation.test.ts,RM2-011: daoTotalEthVUnits decremented by full deviation (not per-op),DaoTotalEthVUnits decremented by full deviation (not per-op),yes,pass,https://github.com/ssvlabs/ssv-network/blob/feat/exhaustive-scenario-coverage/test/e2e/removed-operator/rm2-liquidation.test.ts#L493,,
removed-operator,rm2-liquidation.test.ts,RM2-012: ethValidatorCount NOT decremented for removed op (already 0),EthValidatorCount NOT decremented for removed op (already 0),yes,pass,https://github.com/ssvlabs/ssv-network/blob/feat/exhaustive-scenario-coverage/test/e2e/removed-operator/rm2-liquidation.test.ts#L521,,
removed-operator,rm2-liquidation.test.ts,"RM2-013: EB update after removal writes stale deviation, liquidation handles it","EB update after removal writes stale deviation, liquidation handles it",yes,pass,https://github.com/ssvlabs/ssv-network/blob/feat/exhaustive-scenario-coverage/test/e2e/removed-operator/rm2-liquidation.test.ts#L562,,
removed-operator,rm2-liquidation.test.ts,RM2-014: Liquidation at exact threshold boundary with removed op,Liquidation at exact threshold boundary with removed op,yes,pass,https://github.com/ssvlabs/ssv-network/blob/feat/exhaustive-scenario-coverage/test/e2e/removed-operator/rm2-liquidation.test.ts#L604,,
removed-operator,rm2-liquidation.test.ts,"RM2-015: Implicit EB (no EB update), remove op1, liquidation — no deviation to clean","Implicit EB (no EB update), remove op1, liquidation — no deviation to clean",yes,pass,https://github.com/ssvlabs/ssv-network/blob/feat/exhaustive-scenario-coverage/test/e2e/removed-operator/rm2-liquidation.test.ts#L636,,
removed-operator,rm2-liquidation.test.ts,RM2-016: removeOp → EB update (stale write) → drain → liquidate — no underflow,RemoveOp → EB update (stale write) → drain → liquidate — no underflow,yes,pass,https://github.com/ssvlabs/ssv-network/blob/feat/exhaustive-scenario-coverage/test/e2e/removed-operator/rm2-liquidation.test.ts#L685,,
removed-operator,rm2-liquidation.test.ts,RM2-017: Live operators' operatorEthVUnits each decremented by deviation,Live operators' operatorEthVUnits each decremented by deviation,yes,pass,https://github.com/ssvlabs/ssv-network/blob/feat/exhaustive-scenario-coverage/test/e2e/removed-operator/rm2-liquidation.test.ts#L724,,
removed-operator,rm2-liquidation.test.ts,"RM2-018: 4-op, explicit EB 2048 ETH (large deviation=630000), remove op1, liquidate","4-op, explicit EB 2048 ETH (large deviation=630000), remove op1, liquidate",yes,pass,https://github.com/ssvlabs/ssv-network/blob/feat/exhaustive-scenario-coverage/test/e2e/removed-operator/rm2-liquidation.test.ts#L769,,
removed-operator,rm2-liquidation.test.ts,"RM2-019: 4-op, remove op1 AND op2, liquidate — 2 removed ops skipped","4-op, remove op1 AND op2, liquidate — 2 removed ops skipped",yes,pass,https://github.com/ssvlabs/ssv-network/blob/feat/exhaustive-scenario-coverage/test/e2e/removed-operator/rm2-liquidation.test.ts#L805,,
removed-operator,rm2-liquidation.test.ts,"RM2-020: 4-op, remove op1/op2/op3, liquidate — 1 live op receives all deviation subtraction","4-op, remove op1/op2/op3, liquidate — 1 live op receives all deviation subtraction",yes,pass,https://github.com/ssvlabs/ssv-network/blob/feat/exhaustive-scenario-coverage/test/e2e/removed-operator/rm2-liquidation.test.ts#L842,,
removed-operator,rm2-liquidation.test.ts,"RM2-021: Remove all 4 ops, self-liquidate — all ops skipped, DAO deviation still cleaned","Remove all 4 ops, self-liquidate — all ops skipped, DAO deviation still cleaned",yes,pass,https://github.com/ssvlabs/ssv-network/blob/feat/exhaustive-scenario-coverage/test/e2e/removed-operator/rm2-liquidation.test.ts#L876,,
removed-operator,rm2-liquidation.test.ts,"RM2-022: 4-op, remove op1, EB update (32→128) triggers auto-liquidation","4-op, remove op1, EB update (32→128) triggers auto-liquidation",yes,pass,https://github.com/ssvlabs/ssv-network/blob/feat/exhaustive-scenario-coverage/test/e2e/removed-operator/rm2-liquidation.test.ts#L922,,
removed-operator,rm2-liquidation.test.ts,"RM2-023: 7-op, remove op1, EB update triggers auto-liquidation — ethValidatorCount NOT decremented for removed op","7-op, remove op1, EB update triggers auto-liquidation — ethValidatorCount NOT decremented for removed op",yes,pass,https://github.com/ssvlabs/ssv-network/blob/feat/exhaustive-scenario-coverage/test/e2e/removed-operator/rm2-liquidation.test.ts#L977,,
removed-operator,rm2-liquidation.test.ts,"RM2-024: daoTotalEthVUnits uses full deviation (not per-op), correct for N-1 active ops","DaoTotalEthVUnits uses full deviation (not per-op), correct for N-1 active ops",yes,pass,https://github.com/ssvlabs/ssv-network/blob/feat/exhaustive-scenario-coverage/test/e2e/removed-operator/rm2-liquidation.test.ts#L1034,,
removed-operator,rm2-liquidation.test.ts,RM2-025: Liquidation bounty reflects 3-op burn rate after op removal,Liquidation bounty reflects 3-op burn rate after op removal,yes,pass,https://github.com/ssvlabs/ssv-network/blob/feat/exhaustive-scenario-coverage/test/e2e/removed-operator/rm2-liquidation.test.ts#L1067,,
removed-operator,rm2-liquidation.test.ts,"RM2-026: removeOp → EB 32→48 → EB 48→64 (double stale), liquidation — no underflow","RemoveOp → EB 32→48 → EB 48→64 (double stale), liquidation — no underflow",yes,pass,https://github.com/ssvlabs/ssv-network/blob/feat/exhaustive-scenario-coverage/test/e2e/removed-operator/rm2-liquidation.test.ts#L1122,,
removed-operator,rm2-liquidation.test.ts,"RM2-027: explicit EB, remove op1, liquidate, reactivate — removed op still has vUnits==0","Explicit EB, remove op1, liquidate, reactivate — removed op still has vUnits==0",yes,pass,https://github.com/ssvlabs/ssv-network/blob/feat/exhaustive-scenario-coverage/test/e2e/removed-operator/rm2-liquidation.test.ts#L1166,,
removed-operator,rm2-liquidation.test.ts,"RM2-028: cluster.active=false, balance=0, index=0, networkFeeIndex=0","Cluster.active=false, balance=0, index=0, networkFeeIndex=0",yes,pass,https://github.com/ssvlabs/ssv-network/blob/feat/exhaustive-scenario-coverage/test/e2e/removed-operator/rm2-liquidation.test.ts#L1210,,
removed-operator,rm2-liquidation.test.ts,"RM2-029: ClusterLiquidated event emitted with correct owner, operatorIds, zeroed cluster","ClusterLiquidated event emitted with correct owner, operatorIds, zeroed cluster",yes,pass,https://github.com/ssvlabs/ssv-network/blob/feat/exhaustive-scenario-coverage/test/e2e/removed-operator/rm2-liquidation.test.ts#L1238,,
removed-operator,rm2-liquidation.test.ts,"RM2-030: 2 clusters share ops, remove op1, liquidate cluster A — cluster B's deviation preserved","2 clusters share ops, remove op1, liquidate cluster A — cluster B's deviation preserved",yes,pass,https://github.com/ssvlabs/ssv-network/blob/feat/exhaustive-scenario-coverage/test/e2e/removed-operator/rm2-liquidation.test.ts#L1297,,
removed-operator,rm3-remove-validator.test.ts,"RM3-001: 4-op cluster, explicit EB, removeOp1, bulkRemoveValidator (last) — core underflow","4-op cluster, explicit EB, removeOp1, bulkRemoveValidator (last) — core underflow",yes,pass,https://github.com/ssvlabs/ssv-network/blob/feat/exhaustive-scenario-coverage/test/e2e/removed-operator/rm3-remove-validator.test.ts#L178,,
removed-operator,rm3-remove-validator.test.ts,"RM3-003: 4-op cluster, explicit EB, removeOp1, removeValidator (single, last)","4-op cluster, explicit EB, removeOp1, removeValidator (single, last)",yes,pass,https://github.com/ssvlabs/ssv-network/blob/feat/exhaustive-scenario-coverage/test/e2e/removed-operator/rm3-remove-validator.test.ts#L211,,
removed-operator,rm3-remove-validator.test.ts,"RM3-005: 7-op cluster, explicit EB, removeOp1, bulkRemoveValidator (last)","7-op cluster, explicit EB, removeOp1, bulkRemoveValidator (last)",yes,pass,https://github.com/ssvlabs/ssv-network/blob/feat/exhaustive-scenario-coverage/test/e2e/removed-operator/rm3-remove-validator.test.ts#L232,,
removed-operator,rm3-remove-validator.test.ts,"RM3-006: 10-op cluster, explicit EB, removeOp1, bulkRemoveValidator (last)","10-op cluster, explicit EB, removeOp1, bulkRemoveValidator (last)",yes,pass,https://github.com/ssvlabs/ssv-network/blob/feat/exhaustive-scenario-coverage/test/e2e/removed-operator/rm3-remove-validator.test.ts#L252,,
removed-operator,rm3-remove-validator.test.ts,"RM3-007: 13-op cluster, explicit EB, removeOp1, bulkRemoveValidator (last)","13-op cluster, explicit EB, removeOp1, bulkRemoveValidator (last)",yes,pass,https://github.com/ssvlabs/ssv-network/blob/feat/exhaustive-scenario-coverage/test/e2e/removed-operator/rm3-remove-validator.test.ts#L272,,
removed-operator,rm3-remove-validator.test.ts,"RM3-008: 7-op cluster, 2 ops removed, bulkRemoveValidator (last)","7-op cluster, 2 ops removed, bulkRemoveValidator (last)",yes,pass,https://github.com/ssvlabs/ssv-network/blob/feat/exhaustive-scenario-coverage/test/e2e/removed-operator/rm3-remove-validator.test.ts#L292,,
removed-operator,rm3-remove-validator.test.ts,"RM3-010: 4-op cluster, explicit EB, removeOp1, bulk remove all N validators at once","4-op cluster, explicit EB, removeOp1, bulk remove all N validators at once",yes,pass,https://github.com/ssvlabs/ssv-network/blob/feat/exhaustive-scenario-coverage/test/e2e/removed-operator/rm3-remove-validator.test.ts#L315,,
removed-operator,rm3-remove-validator.test.ts,"RM3-002: 4-op cluster, explicit EB, removeOp1, bulkRemoveValidator (not last) — no cleanup","4-op cluster, explicit EB, removeOp1, bulkRemoveValidator (not last) — no cleanup",yes,pass,https://github.com/ssvlabs/ssv-network/blob/feat/exhaustive-scenario-coverage/test/e2e/removed-operator/rm3-remove-validator.test.ts#L343,,
removed-operator,rm3-remove-validator.test.ts,"RM3-004: 4-op cluster, explicit EB, removeOp1, removeValidator (single, not last) — no cleanup","4-op cluster, explicit EB, removeOp1, removeValidator (single, not last) — no cleanup",yes,pass,https://github.com/ssvlabs/ssv-network/blob/feat/exhaustive-scenario-coverage/test/e2e/removed-operator/rm3-remove-validator.test.ts#L368,,
removed-operator,rm3-remove-validator.test.ts,"RM3-014: 4-op cluster, explicit EB, removeOp1 — ethValidatorCount NOT decremented for removed op","4-op cluster, explicit EB, removeOp1 — ethValidatorCount NOT decremented for removed op",yes,pass,https://github.com/ssvlabs/ssv-network/blob/feat/exhaustive-scenario-coverage/test/e2e/removed-operator/rm3-remove-validator.test.ts#L387,,
removed-operator,rm3-remove-validator.test.ts,"RM3-011: 4-op, explicit EB, removeOp1, removeValidator (1/2), removeValidator (last) — two-step","4-op, explicit EB, removeOp1, removeValidator (1/2), removeValidator (last) — two-step",yes,pass,https://github.com/ssvlabs/ssv-network/blob/feat/exhaustive-scenario-coverage/test/e2e/removed-operator/rm3-remove-validator.test.ts#L416,,
removed-operator,rm3-remove-validator.test.ts,"RM3-022: 4-op, explicit EB, removeOp1, bulkRemove (2/3), bulkRemove (last 1) — two-phase bulk","4-op, explicit EB, removeOp1, bulkRemove (2/3), bulkRemove (last 1) — two-phase bulk",yes,pass,https://github.com/ssvlabs/ssv-network/blob/feat/exhaustive-scenario-coverage/test/e2e/removed-operator/rm3-remove-validator.test.ts#L443,,
removed-operator,rm3-remove-validator.test.ts,RM3-009: register after op removal reverts; pre-registered validators bulk-removed successfully,Register after op removal reverts; pre-registered validators bulk-removed successfully,yes,pass,https://github.com/ssvlabs/ssv-network/blob/feat/exhaustive-scenario-coverage/test/e2e/removed-operator/rm3-remove-validator.test.ts#L478,,
removed-operator,rm3-remove-validator.test.ts,"RM3-012: implicit EB (no oracle update), removeOp1, bulkRemoveValidator (last) — no deviation, no risk","Implicit EB (no oracle update), removeOp1, bulkRemoveValidator (last) — no deviation, no risk",yes,pass,https://github.com/ssvlabs/ssv-network/blob/feat/exhaustive-scenario-coverage/test/e2e/removed-operator/rm3-remove-validator.test.ts#L509,,
removed-operator,rm3-remove-validator.test.ts,"RM3-013: explicit EB with zero deviation (32 ETH), removeOp1, bulkRemoveValidator (last) — no cleanup needed","Explicit EB with zero deviation (32 ETH), removeOp1, bulkRemoveValidator (last) — no cleanup needed",yes,pass,https://github.com/ssvlabs/ssv-network/blob/feat/exhaustive-scenario-coverage/test/e2e/removed-operator/rm3-remove-validator.test.ts#L533,,
removed-operator,rm3-remove-validator.test.ts,RM3-015: verify operatorEthVUnits subtracted from live ops only,Verify operatorEthVUnits subtracted from live ops only,yes,pass,https://github.com/ssvlabs/ssv-network/blob/feat/exhaustive-scenario-coverage/test/e2e/removed-operator/rm3-remove-validator.test.ts#L560,,
removed-operator,rm3-remove-validator.test.ts,RM3-016: verify ebSnapshot cleared after last-validator removal,Verify ebSnapshot cleared after last-validator removal,yes,pass,https://github.com/ssvlabs/ssv-network/blob/feat/exhaustive-scenario-coverage/test/e2e/removed-operator/rm3-remove-validator.test.ts#L593,,
removed-operator,rm3-remove-validator.test.ts,"RM3-017: liquidated cluster, removeOp1, bulkRemoveValidator (last) — cleanup skipped (active=false)","Liquidated cluster, removeOp1, bulkRemoveValidator (last) — cleanup skipped (active=false)",yes,pass,https://github.com/ssvlabs/ssv-network/blob/feat/exhaustive-scenario-coverage/test/e2e/removed-operator/rm3-remove-validator.test.ts#L614,,
removed-operator,rm3-remove-validator.test.ts,RM3-018: full deviation data cleanup verification,Full deviation data cleanup verification,yes,pass,https://github.com/ssvlabs/ssv-network/blob/feat/exhaustive-scenario-coverage/test/e2e/removed-operator/rm3-remove-validator.test.ts#L646,,
removed-operator,rm3-remove-validator.test.ts,RM3-019: operator earnings for live ops after bulkRemoveValidator,Operator earnings for live ops after bulkRemoveValidator,yes,pass,https://github.com/ssvlabs/ssv-network/blob/feat/exhaustive-scenario-coverage/test/e2e/removed-operator/rm3-remove-validator.test.ts#L674,,
removed-operator,rm3-remove-validator.test.ts,RM3-020: removed op has cross-cluster deviation — guard prevents corruption,Removed op has cross-cluster deviation — guard prevents corruption,yes,pass,https://github.com/ssvlabs/ssv-network/blob/feat/exhaustive-scenario-coverage/test/e2e/removed-operator/rm3-remove-validator.test.ts#L699,,
removed-operator,rm3-remove-validator.test.ts,RM3-025: ValidatorRemoved events emitted with correct cluster struct,ValidatorRemoved events emitted with correct cluster struct,yes,pass,https://github.com/ssvlabs/ssv-network/blob/feat/exhaustive-scenario-coverage/test/e2e/removed-operator/rm3-remove-validator.test.ts#L756,,
removed-operator,rm3-remove-validator.test.ts,"RM3-021: 13-op cluster, 6 ops removed, bulkRemoveValidator (last) — extreme scale","13-op cluster, 6 ops removed, bulkRemoveValidator (last) — extreme scale",yes,pass,https://github.com/ssvlabs/ssv-network/blob/feat/exhaustive-scenario-coverage/test/e2e/removed-operator/rm3-remove-validator.test.ts#L795,,
removed-operator,rm3-remove-validator.test.ts,"RM3-023: ALL 4 operators removed, bulkRemoveValidator (last) — guard skips all","ALL 4 operators removed, bulkRemoveValidator (last) — guard skips all",yes,pass,https://github.com/ssvlabs/ssv-network/blob/feat/exhaustive-scenario-coverage/test/e2e/removed-operator/rm3-remove-validator.test.ts#L828,,
removed-operator,rm3-remove-validator.test.ts,"RM3-024: large deviation (128 ETH for 1 validator), removeOp1, bulkRemoveValidator (last)","Large deviation (128 ETH for 1 validator), removeOp1, bulkRemoveValidator (last)",yes,pass,https://github.com/ssvlabs/ssv-network/blob/feat/exhaustive-scenario-coverage/test/e2e/removed-operator/rm3-remove-validator.test.ts#L862,,
removed-operator,rm4-migration.test.ts,"${tc.id}: ${tc.ops}-op cluster, ${tc.removed} removed, migrate (implicit EB)","...: ...-op cluster, ... removed, migrate (implicit EB)",yes,pass,https://github.com/ssvlabs/ssv-network/blob/feat/exhaustive-scenario-coverage/test/e2e/removed-operator/rm4-migration.test.ts#L315,,
removed-operator,rm4-migration.test.ts,RM4-010: ethSnapshot.block stays 0 after migration,EthSnapshot.block stays 0 after migration,yes,pass,https://github.com/ssvlabs/ssv-network/blob/feat/exhaustive-scenario-coverage/test/e2e/removed-operator/rm4-migration.test.ts#L376,,
removed-operator,rm4-migration.test.ts,RM4-011: ethValidatorCount stays 0 after migration,EthValidatorCount stays 0 after migration,yes,pass,https://github.com/ssvlabs/ssv-network/blob/feat/exhaustive-scenario-coverage/test/e2e/removed-operator/rm4-migration.test.ts#L400,,
removed-operator,rm4-migration.test.ts,"RM4-012: ethFee stays 0, not set to default","EthFee stays 0, not set to default",yes,pass,https://github.com/ssvlabs/ssv-network/blob/feat/exhaustive-scenario-coverage/test/e2e/removed-operator/rm4-migration.test.ts#L429,,
removed-operator,rm4-migration.test.ts,RM4-013: operatorEthVUnits[removedOp] stays 0 (implicit EB),OperatorEthVUnits[removedOp] stays 0 (implicit EB),yes,pass,https://github.com/ssvlabs/ssv-network/blob/feat/exhaustive-scenario-coverage/test/e2e/removed-operator/rm4-migration.test.ts#L458,,
removed-operator,rm4-migration.test.ts,RM4-015: removed op with prior SSV history — continue guard fires,Removed op with prior SSV history — continue guard fires,yes,pass,https://github.com/ssvlabs/ssv-network/blob/feat/exhaustive-scenario-coverage/test/e2e/removed-operator/rm4-migration.test.ts#L486,,
removed-operator,rm4-migration.test.ts,RM4-017: cumulativeFeeETH excludes removed op's fee — lower burn rate,CumulativeFeeETH excludes removed op's fee — lower burn rate,yes,pass,https://github.com/ssvlabs/ssv-network/blob/feat/exhaustive-scenario-coverage/test/e2e/removed-operator/rm4-migration.test.ts#L521,,
removed-operator,rm4-migration.test.ts,RM4-018: cumulativeIndexSSV includes removed op's preserved SSV index,CumulativeIndexSSV includes removed op's preserved SSV index,yes,pass,https://github.com/ssvlabs/ssv-network/blob/feat/exhaustive-scenario-coverage/test/e2e/removed-operator/rm4-migration.test.ts#L561,,
removed-operator,rm4-migration.test.ts,RM4-024: no OperatorFeeExecuted event emitted for removed op,No OperatorFeeExecuted event emitted for removed op,yes,pass,https://github.com/ssvlabs/ssv-network/blob/feat/exhaustive-scenario-coverage/test/e2e/removed-operator/rm4-migration.test.ts#L609,,
removed-operator,rm4-migration.test.ts,"RM4-002: 4-op, 1 removed, explicit EB deviation > 0 — stranded vUnits on removed op","4-op, 1 removed, explicit EB deviation > 0 — stranded vUnits on removed op",yes,pass,https://github.com/ssvlabs/ssv-network/blob/feat/exhaustive-scenario-coverage/test/e2e/removed-operator/rm4-migration.test.ts#L677,,
removed-operator,rm4-migration.test.ts,"RM4-014: 4-op, 1 removed, explicit EB deviation = 30000 — deep-dive stranded data","4-op, 1 removed, explicit EB deviation = 30000 — deep-dive stranded data",yes,pass,https://github.com/ssvlabs/ssv-network/blob/feat/exhaustive-scenario-coverage/test/e2e/removed-operator/rm4-migration.test.ts#L735,,
removed-operator,rm4-migration.test.ts,"RM4-022: 4-op, 2 removed, explicit EB deviation — both get stranded vUnits","4-op, 2 removed, explicit EB deviation — both get stranded vUnits",yes,pass,https://github.com/ssvlabs/ssv-network/blob/feat/exhaustive-scenario-coverage/test/e2e/removed-operator/rm4-migration.test.ts#L790,,
removed-operator,rm4-migration.test.ts,"RM4-019: migrate with removed op, then EB update — removed op still skipped","Migrate with removed op, then EB update — removed op still skipped",yes,pass,https://github.com/ssvlabs/ssv-network/blob/feat/exhaustive-scenario-coverage/test/e2e/removed-operator/rm4-migration.test.ts#L914,,
removed-operator,rm4-migration.test.ts,"RM4-020: migrate with removed op, then EB update — _updateOperatorVUnits behavior","Migrate with removed op, then EB update — _updateOperatorVUnits behavior",yes,pass,https://github.com/ssvlabs/ssv-network/blob/feat/exhaustive-scenario-coverage/test/e2e/removed-operator/rm4-migration.test.ts#L999,,
removed-operator,rm4-migration.test.ts,"RM4-016: removed op with prior ETH history — ethSnapshot.block zeroed, clean skip","Removed op with prior ETH history — ethSnapshot.block zeroed, clean skip",yes,pass,https://github.com/ssvlabs/ssv-network/blob/feat/exhaustive-scenario-coverage/test/e2e/removed-operator/rm4-migration.test.ts#L1070,,
removed-operator,rm4-migration.test.ts,RM4-021: liquidated SSV cluster + removed op → migrate reactivates,Liquidated SSV cluster + removed op → migrate reactivates,yes,pass,https://github.com/ssvlabs/ssv-network/blob/feat/exhaustive-scenario-coverage/test/e2e/removed-operator/rm4-migration.test.ts#L1223,,
removed-operator,rm4-migration.test.ts,"RM4-023: migrate cluster A, remove op, migrate cluster B — removed op skipped in both","Migrate cluster A, remove op, migrate cluster B — removed op skipped in both",yes,pass,https://github.com/ssvlabs/ssv-network/blob/feat/exhaustive-scenario-coverage/test/e2e/removed-operator/rm4-migration.test.ts#L1362,,
removed-operator,rm4-migration.test.ts,"RM4-025: full lifecycle — register, create, remove, migrate, EB update, verify no ghost data","Full lifecycle — register, create, remove, migrate, EB update, verify no ghost data",yes,pass,https://github.com/ssvlabs/ssv-network/blob/feat/exhaustive-scenario-coverage/test/e2e/removed-operator/rm4-migration.test.ts#L1520,,
removed-operator,rm5-reactivation.test.ts,"${cfg.id}: ${cfg.ops}-op, explicit EB=${cfg.eb}, liquidate, remove ${cfg.removeIdxs.length} op(s), reactivate","...: ...-op, explicit EB=..., liquidate, remove ... op(s), reactivate",yes,pass,https://github.com/ssvlabs/ssv-network/blob/feat/exhaustive-scenario-coverage/test/e2e/removed-operator/rm5-reactivation.test.ts#L311,,A-ACT-10; A-BOUND-10
removed-operator,rm5-reactivation.test.ts,RM5-002: Remove op BEFORE liquidation with explicit EB — liquidation reverts (underflow),Remove op BEFORE liquidation with explicit EB — liquidation reverts (underflow),yes,pass,https://github.com/ssvlabs/ssv-network/blob/feat/exhaustive-scenario-coverage/test/e2e/removed-operator/rm5-reactivation.test.ts#L393,,A-ACT-10; A-BOUND-10
removed-operator,rm5-reactivation.test.ts,"RM5-002b: Remove op BEFORE liquidation with implicit EB — works, then reactivate","RM5-002b: Remove op BEFORE liquidation with implicit EB — works, then reactivate",yes,pass,https://github.com/ssvlabs/ssv-network/blob/feat/exhaustive-scenario-coverage/test/e2e/removed-operator/rm5-reactivation.test.ts#L421,,A-ACT-10; A-BOUND-10
removed-operator,rm5-reactivation.test.ts,"RM5-006: 4-op, ALL 4 removed, reactivate — burnRate=0, solvency trivially passes","4-op, ALL 4 removed, reactivate — burnRate=0, solvency trivially passes",yes,pass,https://github.com/ssvlabs/ssv-network/blob/feat/exhaustive-scenario-coverage/test/e2e/removed-operator/rm5-reactivation.test.ts#L463,,A-ACT-10; A-BOUND-10
removed-operator,rm5-reactivation.test.ts,"RM5-007: 7-op, ALL 7 removed, reactivate — burnRate=0","7-op, ALL 7 removed, reactivate — burnRate=0",yes,pass,https://github.com/ssvlabs/ssv-network/blob/feat/exhaustive-scenario-coverage/test/e2e/removed-operator/rm5-reactivation.test.ts#L503,,A-ACT-10; A-BOUND-10
removed-operator,rm5-reactivation.test.ts,"RM5-008: 4-op, explicit EB with deviation, remove 1 op — deviation distributed to 3 active ops only","4-op, explicit EB with deviation, remove 1 op — deviation distributed to 3 active ops only",yes,pass,https://github.com/ssvlabs/ssv-network/blob/feat/exhaustive-scenario-coverage/test/e2e/removed-operator/rm5-reactivation.test.ts#L536,,A-ACT-10; A-BOUND-10
removed-operator,rm5-reactivation.test.ts,"RM5-009: 4-op, explicit EB, remove 2 ops — daoTotalEthVUnits = full vUnits regardless of removed ops","4-op, explicit EB, remove 2 ops — daoTotalEthVUnits = full vUnits regardless of removed ops",yes,pass,https://github.com/ssvlabs/ssv-network/blob/feat/exhaustive-scenario-coverage/test/e2e/removed-operator/rm5-reactivation.test.ts#L576,,A-ACT-10; A-BOUND-10
removed-operator,rm5-reactivation.test.ts,RM5-013: Removed op operatorEthVUnits stays 0 — no stale deviation written back,Removed op operatorEthVUnits stays 0 — no stale deviation written back,yes,pass,https://github.com/ssvlabs/ssv-network/blob/feat/exhaustive-scenario-coverage/test/e2e/removed-operator/rm5-reactivation.test.ts#L623,,A-ACT-10; A-BOUND-10
removed-operator,rm5-reactivation.test.ts,"RM5-010: 4-op, implicit EB, liquidate, remove 1 op, reactivate — clusterDeviation=0","4-op, implicit EB, liquidate, remove 1 op, reactivate — clusterDeviation=0",yes,pass,https://github.com/ssvlabs/ssv-network/blob/feat/exhaustive-scenario-coverage/test/e2e/removed-operator/rm5-reactivation.test.ts#L672,,A-ACT-10; A-BOUND-10
removed-operator,rm5-reactivation.test.ts,"RM5-011: Removed op has ethSnapshot.block==0, ethFee==0, ethValidatorCount==0 after removeOperator","Removed op has ethSnapshot.block==0, ethFee==0, ethValidatorCount==0 after removeOperator",yes,pass,https://github.com/ssvlabs/ssv-network/blob/feat/exhaustive-scenario-coverage/test/e2e/removed-operator/rm5-reactivation.test.ts#L715,,A-ACT-10; A-BOUND-10
removed-operator,rm5-reactivation.test.ts,"RM5-012: Active op has ethSnapshot.block!=0 — fee accrual computed, ethValidatorCount incremented","Active op has ethSnapshot.block!=0 — fee accrual computed, ethValidatorCount incremented",yes,pass,https://github.com/ssvlabs/ssv-network/blob/feat/exhaustive-scenario-coverage/test/e2e/removed-operator/rm5-reactivation.test.ts#L757,,A-ACT-10; A-BOUND-10
removed-operator,rm5-reactivation.test.ts,RM5-014: EB update while liquidated changes deviation on reactivation,EB update while liquidated changes deviation on reactivation,yes,pass,https://github.com/ssvlabs/ssv-network/blob/feat/exhaustive-scenario-coverage/test/e2e/removed-operator/rm5-reactivation.test.ts#L797,,A-ACT-10; A-BOUND-10
removed-operator,rm5-reactivation.test.ts,"RM5-015: hasDeviation=true (global), removed op skipped — effectiveVUnits uses stored deviation path","HasDeviation=true (global), removed op skipped — effectiveVUnits uses stored deviation path",yes,pass,https://github.com/ssvlabs/ssv-network/blob/feat/exhaustive-scenario-coverage/test/e2e/removed-operator/rm5-reactivation.test.ts#L864,,A-ACT-10; A-BOUND-10
removed-operator,rm5-reactivation.test.ts,"RM5-016: hasDeviation=false (global), implicit EB, removed op skipped — baseline path for active ops","HasDeviation=false (global), implicit EB, removed op skipped — baseline path for active ops",yes,pass,https://github.com/ssvlabs/ssv-network/blob/feat/exhaustive-scenario-coverage/test/e2e/removed-operator/rm5-reactivation.test.ts#L922,,A-ACT-10; A-BOUND-10
removed-operator,rm5-reactivation.test.ts,RM5-017: Active op at validator limit — reactivation reverts ExceedValidatorLimitWithData,Active op at validator limit — reactivation reverts ExceedValidatorLimitWithData,yes,pass,https://github.com/ssvlabs/ssv-network/blob/feat/exhaustive-scenario-coverage/test/e2e/removed-operator/rm5-reactivation.test.ts#L958,,A-ACT-10; A-BOUND-10
removed-operator,rm5-reactivation.test.ts,RM5-018: Removed op at position [0] (first) — guard triggers on first iteration,Removed op at position [0] (first) — guard triggers on first iteration,yes,pass,https://github.com/ssvlabs/ssv-network/blob/feat/exhaustive-scenario-coverage/test/e2e/removed-operator/rm5-reactivation.test.ts#L1028,,A-ACT-10; A-BOUND-10
removed-operator,rm5-reactivation.test.ts,RM5-019: Removed op at position [last] — guard triggers on last iteration,Removed op at position [last] — guard triggers on last iteration,yes,pass,https://github.com/ssvlabs/ssv-network/blob/feat/exhaustive-scenario-coverage/test/e2e/removed-operator/rm5-reactivation.test.ts#L1056,,A-ACT-10; A-BOUND-10
removed-operator,rm5-reactivation.test.ts,RM5-020: Two removed ops at mixed positions [1] and [5] in 7-op cluster,Two removed ops at mixed positions [1] and [5] in 7-op cluster,yes,pass,https://github.com/ssvlabs/ssv-network/blob/feat/exhaustive-scenario-coverage/test/e2e/removed-operator/rm5-reactivation.test.ts#L1084,,A-ACT-10; A-BOUND-10
removed-operator,rm6-migration-init.test.ts,"Removed operator is skipped during migration, live operators are migrated","Removed operator is skipped during migration, live operators are migrated",yes,pass,https://github.com/ssvlabs/ssv-network/blob/feat/exhaustive-scenario-coverage/test/e2e/removed-operator/rm6-migration-init.test.ts#L225,,
removed-operator,rm6-migration-init.test.ts,All live operators pass guard and enter ensureETHDefaults path,All live operators pass guard and enter ensureETHDefaults path,yes,pass,https://github.com/ssvlabs/ssv-network/blob/feat/exhaustive-scenario-coverage/test/e2e/removed-operator/rm6-migration-init.test.ts#L264,,
removed-operator,rm6-migration-init.test.ts,Operator with existing ETH state enters updateSnapshotSt branch on second migration,Operator with existing ETH state enters updateSnapshotSt branch on second migration,yes,pass,https://github.com/ssvlabs/ssv-network/blob/feat/exhaustive-scenario-coverage/test/e2e/removed-operator/rm6-migration-init.test.ts#L336,,
removed-operator,rm6-migration-init.test.ts,Guard fires despite operator having been SSV-active when cluster was created,Guard fires despite operator having been SSV-active when cluster was created,yes,pass,https://github.com/ssvlabs/ssv-network/blob/feat/exhaustive-scenario-coverage/test/e2e/removed-operator/rm6-migration-init.test.ts#L380,,
removed-operator,rm6-migration-init.test.ts,"Dead operator not resurrected: ethFee stays 0, isActive stays false","Dead operator not resurrected: ethFee stays 0, isActive stays false",yes,pass,https://github.com/ssvlabs/ssv-network/blob/feat/exhaustive-scenario-coverage/test/e2e/removed-operator/rm6-migration-init.test.ts#L415,,
removed-operator,rm6-migration-init.test.ts,Dead operator's ethValidatorCount stays 0 while live ops get incremented,Dead operator's ethValidatorCount stays 0 while live ops get incremented,yes,pass,https://github.com/ssvlabs/ssv-network/blob/feat/exhaustive-scenario-coverage/test/e2e/removed-operator/rm6-migration-init.test.ts#L440,,
removed-operator,rm6-migration-init.test.ts,Burn rate uses only live operator fees after migration with removed op,Burn rate uses only live operator fees after migration with removed op,yes,pass,https://github.com/ssvlabs/ssv-network/blob/feat/exhaustive-scenario-coverage/test/e2e/removed-operator/rm6-migration-init.test.ts#L466,,
removed-operator,rm6-migration-init.test.ts,SSV refund is correct despite removed op contributing 0 to cumulative index,SSV refund is correct despite removed op contributing 0 to cumulative index,yes,pass,https://github.com/ssvlabs/ssv-network/blob/feat/exhaustive-scenario-coverage/test/e2e/removed-operator/rm6-migration-init.test.ts#L499,,
removed-operator,rm6-migration-init.test.ts,"3 live ops migrated with ethValidatorCount=3, 1 removed op skipped entirely","3 live ops migrated with ethValidatorCount=3, 1 removed op skipped entirely",yes,pass,https://github.com/ssvlabs/ssv-network/blob/feat/exhaustive-scenario-coverage/test/e2e/removed-operator/rm6-migration-init.test.ts#L537,,
removed-operator,rm6-migration-init.test.ts,"2 live ops migrated, 2 removed ops skipped — burn rate uses 2 fees","2 live ops migrated, 2 removed ops skipped — burn rate uses 2 fees",yes,pass,https://github.com/ssvlabs/ssv-network/blob/feat/exhaustive-scenario-coverage/test/e2e/removed-operator/rm6-migration-init.test.ts#L583,,
removed-operator,rm6-migration-init.test.ts,"Single live op bears full ethValidatorCount, 3 removed skipped","Single live op bears full ethValidatorCount, 3 removed skipped",yes,pass,https://github.com/ssvlabs/ssv-network/blob/feat/exhaustive-scenario-coverage/test/e2e/removed-operator/rm6-migration-init.test.ts#L630,,
removed-operator,rm6-migration-init.test.ts,Live ops SSV validatorCount decremented to 0; dead op stays at 0,Live ops SSV validatorCount decremented to 0; dead op stays at 0,yes,pass,https://github.com/ssvlabs/ssv-network/blob/feat/exhaustive-scenario-coverage/test/e2e/removed-operator/rm6-migration-init.test.ts#L678,,
removed-operator,rm6-migration-init.test.ts,"Liquidated cluster: no SSV decrement, removed op skipped, emits ClusterReactivated","Liquidated cluster: no SSV decrement, removed op skipped, emits ClusterReactivated",yes,pass,https://github.com/ssvlabs/ssv-network/blob/feat/exhaustive-scenario-coverage/test/e2e/removed-operator/rm6-migration-init.test.ts#L764,,
removed-operator,rm6-migration-init.test.ts,Guard skips removed op; migration succeeds; cluster functional with 3/4 ops,Guard skips removed op; migration succeeds; cluster functional with 3/4 ops,yes,pass,https://github.com/ssvlabs/ssv-network/blob/feat/exhaustive-scenario-coverage/test/e2e/removed-operator/rm6-migration-init.test.ts#L814,,
removed-operator,rm6-migration-init.test.ts,removeOperator fully cleans operator state — no residual operatorEthVUnits,RemoveOperator fully cleans operator state — no residual operatorEthVUnits,yes,pass,https://github.com/ssvlabs/ssv-network/blob/feat/exhaustive-scenario-coverage/test/e2e/removed-operator/rm6-migration-init.test.ts#L864,,
removed-operator,rm6-migration-init.test.ts,Removed op has 0 ethValidatorCount; does not factor into limit check,Removed op has 0 ethValidatorCount; does not factor into limit check,yes,pass,https://github.com/ssvlabs/ssv-network/blob/feat/exhaustive-scenario-coverage/test/e2e/removed-operator/rm6-migration-init.test.ts#L922,,
removed-operator,rm6-migration-init.test.ts,Multiple removed ops excluded from limit: only live op gets ethValidatorCount,Multiple removed ops excluded from limit: only live op gets ethValidatorCount,yes,pass,https://github.com/ssvlabs/ssv-network/blob/feat/exhaustive-scenario-coverage/test/e2e/removed-operator/rm6-migration-init.test.ts#L985,,
removed-operator,rma-auto-liquidation.test.ts,"EB increase triggers auto-liquidation with 1 removed operator, ghost state cleans up (RMA-001/002/003/004/010/016/017/018/019)","EB increase triggers auto-liquidation with 1 removed operator, ghost state cleans up (RMA-001/002/003/004/010/016/017/018/019)",yes,pass,https://github.com/ssvlabs/ssv-network/blob/feat/exhaustive-scenario-coverage/test/e2e/removed-operator/rma-auto-liquidation.test.ts#L227,,
removed-operator,rma-auto-liquidation.test.ts,"${scenarioId}: ${numOps}-op cluster, 1 removed, EB increase triggers auto-liquidation","...: ...-op cluster, 1 removed, EB increase triggers auto-liquidation",yes,pass,https://github.com/ssvlabs/ssv-network/blob/feat/exhaustive-scenario-coverage/test/e2e/removed-operator/rma-auto-liquidation.test.ts#L361,,
removed-operator,rma-auto-liquidation.test.ts,2 ops removed with non-baseline storedVUnits: EB increase hits underflow in _executeLiquidation,2 ops removed with non-baseline storedVUnits: EB increase hits underflow in _executeLiquidation,yes,pass,https://github.com/ssvlabs/ssv-network/blob/feat/exhaustive-scenario-coverage/test/e2e/removed-operator/rma-auto-liquidation.test.ts#L411,,
removed-operator,rma-auto-liquidation.test.ts,3 ops removed with non-baseline EB: EB increase hits underflow,3 ops removed with non-baseline EB: EB increase hits underflow,yes,pass,https://github.com/ssvlabs/ssv-network/blob/feat/exhaustive-scenario-coverage/test/e2e/removed-operator/rma-auto-liquidation.test.ts#L466,,
removed-operator,rma-auto-liquidation.test.ts,"storedVUnits=10000, newVUnits=20000, deltaAbs=10000 — compound path succeeds","StoredVUnits=10000, newVUnits=20000, deltaAbs=10000 — compound path succeeds",yes,pass,https://github.com/ssvlabs/ssv-network/blob/feat/exhaustive-scenario-coverage/test/e2e/removed-operator/rma-auto-liquidation.test.ts#L517,,
removed-operator,rma-auto-liquidation.test.ts,Large threshold from EB increase makes cluster liquidatable despite generous deposit,Large threshold from EB increase makes cluster liquidatable despite generous deposit,yes,pass,https://github.com/ssvlabs/ssv-network/blob/feat/exhaustive-scenario-coverage/test/e2e/removed-operator/rma-auto-liquidation.test.ts#L569,,
removed-operator,rma-auto-liquidation.test.ts,EB decrease from 64→32: _updateOperatorVUnits subtracts from deleted slot — reverts,EB decrease from 64→32: _updateOperatorVUnits subtracts from deleted slot — reverts,yes,pass,https://github.com/ssvlabs/ssv-network/blob/feat/exhaustive-scenario-coverage/test/e2e/removed-operator/rma-auto-liquidation.test.ts#L616,,
removed-operator,rma-auto-liquidation.test.ts,"Balance == threshold at new vUnits: NOT liquidated, ghost state persists","Balance == threshold at new vUnits: NOT liquidated, ghost state persists",yes,pass,https://github.com/ssvlabs/ssv-network/blob/feat/exhaustive-scenario-coverage/test/e2e/removed-operator/rma-auto-liquidation.test.ts#L658,,
removed-operator,rma-auto-liquidation.test.ts,Balance just below threshold triggers auto-liquidation in compound path,Balance just below threshold triggers auto-liquidation in compound path,yes,pass,https://github.com/ssvlabs/ssv-network/blob/feat/exhaustive-scenario-coverage/test/e2e/removed-operator/rma-auto-liquidation.test.ts#L751,,
removed-operator,rma-auto-liquidation.test.ts,"Operator declares+executes fee, gets removed, then EB update triggers compound path","Operator declares+executes fee, gets removed, then EB update triggers compound path",yes,pass,https://github.com/ssvlabs/ssv-network/blob/feat/exhaustive-scenario-coverage/test/e2e/removed-operator/rma-auto-liquidation.test.ts#L796,,
removed-operator,rma-auto-liquidation.test.ts,BurnRate excludes removed op fee — verified by cluster surviving longer than with all ops active,BurnRate excludes removed op fee — verified by cluster surviving longer than with all ops active,yes,pass,https://github.com/ssvlabs/ssv-network/blob/feat/exhaustive-scenario-coverage/test/e2e/removed-operator/rma-auto-liquidation.test.ts#L855,,
removed-operator,rma-auto-liquidation.test.ts,RMA-022: Manual liquidate() on cluster with explicit EB and removed op,Manual liquidate() on cluster with explicit EB and removed op,yes,pass,https://github.com/ssvlabs/ssv-network/blob/feat/exhaustive-scenario-coverage/test/e2e/removed-operator/rma-auto-liquidation.test.ts#L894,,
removed-operator,rma-auto-liquidation.test.ts,RMA-023: Auto-liquidation hits _updateOperatorVUnits THEN _executeLiquidation — behavioral difference from manual,Auto-liquidation hits _updateOperatorVUnits THEN _executeLiquidation — behavioral difference from manual,yes,pass,https://github.com/ssvlabs/ssv-network/blob/feat/exhaustive-scenario-coverage/test/e2e/removed-operator/rma-auto-liquidation.test.ts#L940,,
removed-operator,rma-auto-liquidation.test.ts,Cluster remains solvent after EB increase: _updateOperatorVUnits ghost write persists (no cleanup),Cluster remains solvent after EB increase: _updateOperatorVUnits ghost write persists (no cleanup),yes,pass,https://github.com/ssvlabs/ssv-network/blob/feat/exhaustive-scenario-coverage/test/e2e/removed-operator/rma-auto-liquidation.test.ts#L991,,
removed-operator,rma-auto-liquidation.test.ts,Remaining cluster balance sent to updater as bounty,Remaining cluster balance sent to updater as bounty,yes,pass,https://github.com/ssvlabs/ssv-network/blob/feat/exhaustive-scenario-coverage/test/e2e/removed-operator/rma-auto-liquidation.test.ts#L1035,,
removed-operator,rma-auto-liquidation.test.ts,Both ClusterLiquidated and ClusterBalanceUpdated events emitted,Both ClusterLiquidated and ClusterBalanceUpdated events emitted,yes,pass,https://github.com/ssvlabs/ssv-network/blob/feat/exhaustive-scenario-coverage/test/e2e/removed-operator/rma-auto-liquidation.test.ts#L1084,,
removed-operator,rma-auto-liquidation.test.ts,New vUnits persisted in EB snapshot even when auto-liquidation fires,New vUnits persisted in EB snapshot even when auto-liquidation fires,yes,pass,https://github.com/ssvlabs/ssv-network/blob/feat/exhaustive-scenario-coverage/test/e2e/removed-operator/rma-auto-liquidation.test.ts#L1131,,
removed-operator,rma-auto-liquidation.test.ts,"Prior non-baseline EB causes deltaAbs != deviation, underflow in _executeLiquidation","Prior non-baseline EB causes deltaAbs != deviation, underflow in _executeLiquidation",yes,pass,https://github.com/ssvlabs/ssv-network/blob/feat/exhaustive-scenario-coverage/test/e2e/removed-operator/rma-auto-liquidation.test.ts#L1183,,
removed-operator,rma-auto-liquidation.test.ts,"All operators removed: burnRate=0, auto-liquidation from collateral check if balance is tiny","All operators removed: burnRate=0, auto-liquidation from collateral check if balance is tiny",yes,pass,https://github.com/ssvlabs/ssv-network/blob/feat/exhaustive-scenario-coverage/test/e2e/removed-operator/rma-auto-liquidation.test.ts#L1237,,
removed-operator,rma-auto-liquidation.test.ts,Cluster can be reactivated after auto-liquidation with removed op present,Cluster can be reactivated after auto-liquidation with removed op present,yes,pass,https://github.com/ssvlabs/ssv-network/blob/feat/exhaustive-scenario-coverage/test/e2e/removed-operator/rma-auto-liquidation.test.ts#L1279,,
removed-operator,rma-auto-liquidation.test.ts,EB update with unchanged value still triggers auto-liquidation from fee drain,EB update with unchanged value still triggers auto-liquidation from fee drain,yes,pass,https://github.com/ssvlabs/ssv-network/blob/feat/exhaustive-scenario-coverage/test/e2e/removed-operator/rma-auto-liquidation.test.ts#L1353,,
removed-operator,rma-auto-liquidation.test.ts,Balance exactly at minimumLiquidationCollateral: NOT liquidatable (strict < check),Balance exactly at minimumLiquidationCollateral: NOT liquidatable (strict < check),yes,pass,https://github.com/ssvlabs/ssv-network/blob/feat/exhaustive-scenario-coverage/test/e2e/removed-operator/rma-auto-liquidation.test.ts#L1404,,
removed-operator,rma-auto-liquidation.test.ts,_liquidateAfterEBUpdateIfNeeded short-circuits on !cluster.active,_liquidateAfterEBUpdateIfNeeded short-circuits on !cluster.active,yes,pass,https://github.com/ssvlabs/ssv-network/blob/feat/exhaustive-scenario-coverage/test/e2e/removed-operator/rma-auto-liquidation.test.ts#L1442,,
removed-operator,rmc-chains.test.ts,RMC-001: EB→removeOp→liquidate→reactivate→EB→removeValidator,EB→removeOp→liquidate→reactivate→EB→removeValidator,yes,pass,https://github.com/ssvlabs/ssv-network/blob/feat/exhaustive-scenario-coverage/test/e2e/removed-operator/rmc-chains.test.ts#L243,,
removed-operator,rmc-chains.test.ts,RMC-002: removeOp→EB→liquidate→reactivate→EB→removeValidator,RemoveOp→EB→liquidate→reactivate→EB→removeValidator,yes,pass,https://github.com/ssvlabs/ssv-network/blob/feat/exhaustive-scenario-coverage/test/e2e/removed-operator/rmc-chains.test.ts#L297,,
removed-operator,rmc-chains.test.ts,RMC-003: 7-op cluster stress with 3 EB swings,7-op cluster stress with 3 EB swings,yes,pass,https://github.com/ssvlabs/ssv-network/blob/feat/exhaustive-scenario-coverage/test/e2e/removed-operator/rmc-chains.test.ts#L340,,
removed-operator,rmc-chains.test.ts,RMC-004: double operator removal between EB and liquidation,Double operator removal between EB and liquidation,yes,pass,https://github.com/ssvlabs/ssv-network/blob/feat/exhaustive-scenario-coverage/test/e2e/removed-operator/rmc-chains.test.ts#L393,,
removed-operator,rmc-chains.test.ts,RMC-005: full chain with validator add/remove after EB,Full chain with validator add/remove after EB,yes,pass,https://github.com/ssvlabs/ssv-network/blob/feat/exhaustive-scenario-coverage/test/e2e/removed-operator/rmc-chains.test.ts#L437,,
removed-operator,rmc-chains.test.ts,RMC-006: full chain with withdraw between EB updates,Full chain with withdraw between EB updates,yes,pass,https://github.com/ssvlabs/ssv-network/blob/feat/exhaustive-scenario-coverage/test/e2e/removed-operator/rmc-chains.test.ts#L484,,
removed-operator,rmc-chains.test.ts,RMC-007: implicit cluster→removeOp→liquidate→reactivate→explicit EB→removeValidator,Implicit cluster→removeOp→liquidate→reactivate→explicit EB→removeValidator,yes,pass,https://github.com/ssvlabs/ssv-network/blob/feat/exhaustive-scenario-coverage/test/e2e/removed-operator/rmc-chains.test.ts#L529,,
removed-operator,rmc-chains.test.ts,"RMC-008: 13-op cluster, remove 9, full lifecycle","13-op cluster, remove 9, full lifecycle",yes,pass,https://github.com/ssvlabs/ssv-network/blob/feat/exhaustive-scenario-coverage/test/e2e/removed-operator/rmc-chains.test.ts#L569,,
removed-operator,rmc-chains.test.ts,RMC-009: remove op3→EB→remove op4→liquidate→reactivate→EB (asymmetric),Remove op3→EB→remove op4→liquidate→reactivate→EB (asymmetric),yes,pass,https://github.com/ssvlabs/ssv-network/blob/feat/exhaustive-scenario-coverage/test/e2e/removed-operator/rmc-chains.test.ts#L624,,
removed-operator,rmc-chains.test.ts,RMC-010: EB→removeOp4→EB→removeOp3→EB→liquidate (interleaved),EB→removeOp4→EB→removeOp3→EB→liquidate (interleaved),yes,pass,https://github.com/ssvlabs/ssv-network/blob/feat/exhaustive-scenario-coverage/test/e2e/removed-operator/rmc-chains.test.ts#L666,,
removed-operator,rmc-chains.test.ts,"RMC-011: triple removal before any EB, then EB→liquidate→reactivate→EB","Triple removal before any EB, then EB→liquidate→reactivate→EB",yes,pass,https://github.com/ssvlabs/ssv-network/blob/feat/exhaustive-scenario-coverage/test/e2e/removed-operator/rmc-chains.test.ts#L707,,
removed-operator,rmc-chains.test.ts,RMC-012: progressive 4-step cascade with EB between each removal,Progressive 4-step cascade with EB between each removal,yes,pass,https://github.com/ssvlabs/ssv-network/blob/feat/exhaustive-scenario-coverage/test/e2e/removed-operator/rmc-chains.test.ts#L747,,
removed-operator,rmc-chains.test.ts,RMC-013: EB oscillation with interleaved removals,EB oscillation with interleaved removals,yes,pass,https://github.com/ssvlabs/ssv-network/blob/feat/exhaustive-scenario-coverage/test/e2e/removed-operator/rmc-chains.test.ts#L796,,
removed-operator,rmc-chains.test.ts,"RMC-014: 7-op cascade removing ops 7,6,5 with EB between each","7-op cascade removing ops 7,6,5 with EB between each",yes,pass,https://github.com/ssvlabs/ssv-network/blob/feat/exhaustive-scenario-coverage/test/e2e/removed-operator/rmc-chains.test.ts#L837,,
removed-operator,rmc-chains.test.ts,RMC-015: cascade to single operator (3 removals with EB between each),Cascade to single operator (3 removals with EB between each),yes,pass,https://github.com/ssvlabs/ssv-network/blob/feat/exhaustive-scenario-coverage/test/e2e/removed-operator/rmc-chains.test.ts#L884,,
removed-operator,rmc-chains.test.ts,RMC-016: all 4 ops removed one by one with EB between each,All 4 ops removed one by one with EB between each,yes,pass,https://github.com/ssvlabs/ssv-network/blob/feat/exhaustive-scenario-coverage/test/e2e/removed-operator/rmc-chains.test.ts#L938,,
removed-operator,rmc-chains.test.ts,RMC-017: all 4 ops removed then liquidation,All 4 ops removed then liquidation,yes,pass,https://github.com/ssvlabs/ssv-network/blob/feat/exhaustive-scenario-coverage/test/e2e/removed-operator/rmc-chains.test.ts#L978,,
removed-operator,rmc-chains.test.ts,RMC-018: all 4 removed then reactivation attempt,All 4 removed then reactivation attempt,yes,pass,https://github.com/ssvlabs/ssv-network/blob/feat/exhaustive-scenario-coverage/test/e2e/removed-operator/rmc-chains.test.ts#L1011,,
removed-operator,rmc-chains.test.ts,RMC-019: batch remove last two ops then EB,Batch remove last two ops then EB,yes,pass,https://github.com/ssvlabs/ssv-network/blob/feat/exhaustive-scenario-coverage/test/e2e/removed-operator/rmc-chains.test.ts#L1049,,
removed-operator,rmc-chains.test.ts,RMC-020: all 4 removed (implicit) before implicit→explicit EB,All 4 removed (implicit) before implicit→explicit EB,yes,pass,https://github.com/ssvlabs/ssv-network/blob/feat/exhaustive-scenario-coverage/test/e2e/removed-operator/rmc-chains.test.ts#L1082,,
removed-operator,rmc-chains.test.ts,"RMC-021: op4 in cluster A only, removed; cluster B (no op4) unaffected","Op4 in cluster A only, removed; cluster B (no op4) unaffected",yes,pass,https://github.com/ssvlabs/ssv-network/blob/feat/exhaustive-scenario-coverage/test/e2e/removed-operator/rmc-chains.test.ts#L1111,,
removed-operator,rmc-chains.test.ts,"RMC-022: shared ops 3,4 between clusters, op4 removed, both EB update","Shared ops 3,4 between clusters, op4 removed, both EB update",yes,pass,https://github.com/ssvlabs/ssv-network/blob/feat/exhaustive-scenario-coverage/test/e2e/removed-operator/rmc-chains.test.ts#L1150,,
removed-operator,rmc-chains.test.ts,"RMC-023: same 4 ops in 2 clusters, remove op4, liquidate both","Same 4 ops in 2 clusters, remove op4, liquidate both",yes,pass,https://github.com/ssvlabs/ssv-network/blob/feat/exhaustive-scenario-coverage/test/e2e/removed-operator/rmc-chains.test.ts#L1189,,
removed-operator,rmc-chains.test.ts,RMC-024: register cluster B with dead op4 — reverts OperatorDoesNotExist,Register cluster B with dead op4 — reverts OperatorDoesNotExist,yes,pass,https://github.com/ssvlabs/ssv-network/blob/feat/exhaustive-scenario-coverage/test/e2e/removed-operator/rmc-chains.test.ts#L1233,,
removed-operator,rmc-chains.test.ts,RMC-025: cluster B entirely unaffected by op4 removal from cluster A,Cluster B entirely unaffected by op4 removal from cluster A,yes,pass,https://github.com/ssvlabs/ssv-network/blob/feat/exhaustive-scenario-coverage/test/e2e/removed-operator/rmc-chains.test.ts#L1258,,
removed-operator,rmc-chains.test.ts,RMC-026: migrate cluster with dead op4 from SSV to ETH,Migrate cluster with dead op4 from SSV to ETH,yes,pass,https://github.com/ssvlabs/ssv-network/blob/feat/exhaustive-scenario-coverage/test/e2e/removed-operator/rmc-chains.test.ts#L1319,,
removed-operator,rmc-chains.test.ts,"RMC-027: shared op1 removed, cluster B EB + liquidation","Shared op1 removed, cluster B EB + liquidation",yes,pass,https://github.com/ssvlabs/ssv-network/blob/feat/exhaustive-scenario-coverage/test/e2e/removed-operator/rmc-chains.test.ts#L1351,,
removed-operator,rmc-chains.test.ts,"RMC-028: same 4 ops, both clusters different EB, quantify drift on dead op4","Same 4 ops, both clusters different EB, quantify drift on dead op4",yes,pass,https://github.com/ssvlabs/ssv-network/blob/feat/exhaustive-scenario-coverage/test/e2e/removed-operator/rmc-chains.test.ts#L1392,,
removed-operator,rmc-chains.test.ts,"RMC-029: 10 consecutive EB updates after removal, drift quantification","10 consecutive EB updates after removal, drift quantification",yes,pass,https://github.com/ssvlabs/ssv-network/blob/feat/exhaustive-scenario-coverage/test/e2e/removed-operator/rmc-chains.test.ts#L1433,,
removed-operator,rmc-chains.test.ts,RMC-030: 3 oscillation cycles (EB up→deposit→withdraw→EB down) with dead op,3 oscillation cycles (EB up→deposit→withdraw→EB down) with dead op,yes,pass,https://github.com/ssvlabs/ssv-network/blob/feat/exhaustive-scenario-coverage/test/e2e/removed-operator/rmc-chains.test.ts#L1472,,
removed-operator,rmc-chains.test.ts,RMC-031: 13-operation mixed chain (EB + val + deposit/withdraw + liq/reactivate),13-operation mixed chain (EB + val + deposit/withdraw + liq/reactivate),yes,pass,https://github.com/ssvlabs/ssv-network/blob/feat/exhaustive-scenario-coverage/test/e2e/removed-operator/rmc-chains.test.ts#L1512,,
removed-operator,rmc-chains.test.ts,"RMC-032: 10 minimal EB increments (1 ETH each), precision drift on dead op","10 minimal EB increments (1 ETH each), precision drift on dead op",yes,pass,https://github.com/ssvlabs/ssv-network/blob/feat/exhaustive-scenario-coverage/test/e2e/removed-operator/rmc-chains.test.ts#L1573,,
removed-operator,rmc-chains.test.ts,RMC-033: progressive removal with continued EB growth,Progressive removal with continued EB growth,yes,pass,https://github.com/ssvlabs/ssv-network/blob/feat/exhaustive-scenario-coverage/test/e2e/removed-operator/rmc-chains.test.ts#L1611,,
removed-operator,rmc-chains.test.ts,"RMC-034: 3 clusters same ops, op4 removed, different EB levels","3 clusters same ops, op4 removed, different EB levels",yes,pass,https://github.com/ssvlabs/ssv-network/blob/feat/exhaustive-scenario-coverage/test/e2e/removed-operator/rmc-chains.test.ts#L1668,,
removed-operator,rmc-chains.test.ts,"RMC-035: 2 clusters same ops, op4 removed, double liquidation","2 clusters same ops, op4 removed, double liquidation",yes,pass,https://github.com/ssvlabs/ssv-network/blob/feat/exhaustive-scenario-coverage/test/e2e/removed-operator/rmc-chains.test.ts#L1712,,
removed-operator,rmc-chains.test.ts,RMC-036: multi-cluster reactivate then EB with dead op,Multi-cluster reactivate then EB with dead op,yes,pass,https://github.com/ssvlabs/ssv-network/blob/feat/exhaustive-scenario-coverage/test/e2e/removed-operator/rmc-chains.test.ts#L1752,,
removed-operator,rmc-chains.test.ts,"RMC-037: 3 clusters, triple liquidation with shared dead op","3 clusters, triple liquidation with shared dead op",yes,pass,https://github.com/ssvlabs/ssv-network/blob/feat/exhaustive-scenario-coverage/test/e2e/removed-operator/rmc-chains.test.ts#L1797,,
removed-operator,rmc-chains.test.ts,RMC-038: multi-cluster remove all validators with dead op deviation cleanup,Multi-cluster remove all validators with dead op deviation cleanup,yes,pass,https://github.com/ssvlabs/ssv-network/blob/feat/exhaustive-scenario-coverage/test/e2e/removed-operator/rmc-chains.test.ts#L1851,,
removed-operator,rmc-chains.test.ts,"RMC-039: implicit A + explicit B, shared dead op4, B EB updates","Implicit A + explicit B, shared dead op4, B EB updates",yes,pass,https://github.com/ssvlabs/ssv-network/blob/feat/exhaustive-scenario-coverage/test/e2e/removed-operator/rmc-chains.test.ts#L1910,,
removed-operator,rmc-chains.test.ts,RMC-040: both clusters become explicit after op removal,Both clusters become explicit after op removal,yes,pass,https://github.com/ssvlabs/ssv-network/blob/feat/exhaustive-scenario-coverage/test/e2e/removed-operator/rmc-chains.test.ts#L1948,,
removed-operator,rmc-chains.test.ts,"RMC-041: explicit A liquidated, implicit B liquidated, shared dead op","Explicit A liquidated, implicit B liquidated, shared dead op",yes,pass,https://github.com/ssvlabs/ssv-network/blob/feat/exhaustive-scenario-coverage/test/e2e/removed-operator/rmc-chains.test.ts#L1985,,
removed-operator,rmc-chains.test.ts,RMC-042: mixed EB modes full lifecycle with shared dead op,Mixed EB modes full lifecycle with shared dead op,yes,pass,https://github.com/ssvlabs/ssv-network/blob/feat/exhaustive-scenario-coverage/test/e2e/removed-operator/rmc-chains.test.ts#L2024,,
removed-operator,rmc-chains.test.ts,"RMC-043: 13 ops, remove 12, EB + deposit + withdraw + liquidate + reactivate","13 ops, remove 12, EB + deposit + withdraw + liquidate + reactivate",yes,pass,https://github.com/ssvlabs/ssv-network/blob/feat/exhaustive-scenario-coverage/test/e2e/removed-operator/rmc-chains.test.ts#L2084,,
removed-operator,rmc-chains.test.ts,"RMC-044: 13 ops, 12 removed, 6 consecutive EB updates","13 ops, 12 removed, 6 consecutive EB updates",yes,pass,https://github.com/ssvlabs/ssv-network/blob/feat/exhaustive-scenario-coverage/test/e2e/removed-operator/rmc-chains.test.ts#L2137,,
removed-operator,rmc-chains.test.ts,"RMC-045: 13 ops, 12 removed, addValidator reverts OperatorDoesNotExist","13 ops, 12 removed, addValidator reverts OperatorDoesNotExist",yes,pass,https://github.com/ssvlabs/ssv-network/blob/feat/exhaustive-scenario-coverage/test/e2e/removed-operator/rmc-chains.test.ts#L2178,,
smoke,smoke.test.ts,"Deploys, registers, mines blocks, and computes fees correctly","Deploys, registers, mines blocks, and computes fees correctly",no,pass,https://github.com/ssvlabs/ssv-network/blob/feat/exhaustive-scenario-coverage/test/e2e/smoke.test.ts#L42,,A-SETUP-01
staking,st-gap.test.ts,"ST-004: Large amount (1e23) stake — no overflow, cSSV minted 1:1","Large amount (1e23) stake — no overflow, cSSV minted 1:1",yes,pass,https://github.com/ssvlabs/ssv-network/blob/feat/exhaustive-scenario-coverage/test/e2e/staking/st-gap.test.ts#L91,,A-ACT-32; A-ACT-34; A-ACT-35; A-ACT-36; A-BOUND-18; A-CHECK-14; A-SETUP-04; A-SYNC-02
staking,st-gap.test.ts,"ST-062: Large stake + tiny fee — accEthPerShare rounds to 0, fees lost","Large stake + tiny fee — accEthPerShare rounds to 0, fees lost",yes,pass,https://github.com/ssvlabs/ssv-network/blob/feat/exhaustive-scenario-coverage/test/e2e/staking/st-gap.test.ts#L103,,A-ACT-32; A-ACT-34; A-ACT-35; A-ACT-36; A-BOUND-18; A-CHECK-14; A-SETUP-04; A-SYNC-02
staking,st-gap.test.ts,ST-063: Tiny stake + large fee — no overflow in accEthPerShare,Tiny stake + large fee — no overflow in accEthPerShare,yes,pass,https://github.com/ssvlabs/ssv-network/blob/feat/exhaustive-scenario-coverage/test/e2e/staking/st-gap.test.ts#L127,,A-ACT-32; A-ACT-34; A-ACT-35; A-ACT-36; A-BOUND-18; A-CHECK-14; A-SETUP-04; A-SYNC-02
staking,st-gap.test.ts,ST-094: _settle truncation-toward-zero rounding — no rounding up,_settle truncation-toward-zero rounding — no rounding up,yes,pass,https://github.com/ssvlabs/ssv-network/blob/feat/exhaustive-scenario-coverage/test/e2e/staking/st-gap.test.ts#L157,,A-ACT-32; A-ACT-34; A-ACT-35; A-ACT-36; A-BOUND-18; A-CHECK-14; A-SETUP-04; A-SYNC-02
staking,st-gap.test.ts,ST-086: Accrued exactly ETH_DEDUCTED_DIGITS — smallest non-zero payout,Accrued exactly ETH_DEDUCTED_DIGITS — smallest non-zero payout,yes,pass,https://github.com/ssvlabs/ssv-network/blob/feat/exhaustive-scenario-coverage/test/e2e/staking/st-gap.test.ts#L196,,A-ACT-32; A-ACT-34; A-ACT-35; A-ACT-36; A-BOUND-18; A-CHECK-14; A-SETUP-04; A-SYNC-02
staking,st-gap.test.ts,ST-087: requestUnstake of exactly 1 — minimum non-zero unstake amount,RequestUnstake of exactly 1 — minimum non-zero unstake amount,yes,pass,https://github.com/ssvlabs/ssv-network/blob/feat/exhaustive-scenario-coverage/test/e2e/staking/st-gap.test.ts#L225,,A-ACT-32; A-ACT-34; A-ACT-35; A-ACT-36; A-BOUND-18; A-CHECK-14; A-SETUP-04; A-SYNC-02
staking,st-gap.test.ts,ST-088: withdrawUnlocked at exact cooldown expiry (>= boundary),WithdrawUnlocked at exact cooldown expiry (>= boundary),yes,pass,https://github.com/ssvlabs/ssv-network/blob/feat/exhaustive-scenario-coverage/test/e2e/staking/st-gap.test.ts#L251,,A-ACT-32; A-ACT-34; A-ACT-35; A-ACT-36; A-BOUND-18; A-CHECK-14; A-SETUP-04; A-SYNC-02
staking,st-gap.test.ts,ST-072 / ST-082: Cross-function reentrancy blocked — claimEthRewards → receive → stake,ST-072 / ST-082: Cross-function reentrancy blocked — claimEthRewards → receive → stake,yes,pass,https://github.com/ssvlabs/ssv-network/blob/feat/exhaustive-scenario-coverage/test/e2e/staking/st-gap.test.ts#L286,,A-ACT-32; A-ACT-34; A-ACT-35; A-ACT-36; A-BOUND-18; A-CHECK-14; A-SETUP-04; A-SYNC-02
staking,st-gap.test.ts,ST-084: Cross-function reentrancy blocked — claimEthRewards → receive → requestUnstake,Cross-function reentrancy blocked — claimEthRewards → receive → requestUnstake,yes,pass,https://github.com/ssvlabs/ssv-network/blob/feat/exhaustive-scenario-coverage/test/e2e/staking/st-gap.test.ts#L321,,A-ACT-32; A-ACT-34; A-ACT-35; A-ACT-36; A-BOUND-18; A-CHECK-14; A-SETUP-04; A-SYNC-02
staking,st-gap.test.ts,ST-077: _settle idempotent — two stake operations in same block,_settle idempotent — two stake operations in same block,yes,pass,https://github.com/ssvlabs/ssv-network/blob/feat/exhaustive-scenario-coverage/test/e2e/staking/st-gap.test.ts#L358,,A-ACT-32; A-ACT-34; A-ACT-35; A-ACT-36; A-BOUND-18; A-CHECK-14; A-SETUP-04; A-SYNC-02
staking,st-gap.test.ts,ST-078: 5 concurrent stakers — per-user userIndex tracks correctly,5 concurrent stakers — per-user userIndex tracks correctly,yes,pass,https://github.com/ssvlabs/ssv-network/blob/feat/exhaustive-scenario-coverage/test/e2e/staking/st-gap.test.ts#L396,,A-ACT-32; A-ACT-34; A-ACT-35; A-ACT-36; A-BOUND-18; A-CHECK-14; A-SETUP-04; A-SYNC-02
staking,st-gap.test.ts,"ST-097: _settleWithBalance bal==0, idx!=userIdx — index advances, no accrual","_settleWithBalance bal==0, idx!=userIdx — index advances, no accrual",yes,pass,https://github.com/ssvlabs/ssv-network/blob/feat/exhaustive-scenario-coverage/test/e2e/staking/st-gap.test.ts#L452,,A-ACT-32; A-ACT-34; A-ACT-35; A-ACT-36; A-BOUND-18; A-CHECK-14; A-SETUP-04; A-SYNC-02
staking,st-gap.test.ts,ST-098: _settleWithBalance pending==0 due to rounding despite balance & index diff,_settleWithBalance pending==0 due to rounding despite balance & index diff,yes,pass,https://github.com/ssvlabs/ssv-network/blob/feat/exhaustive-scenario-coverage/test/e2e/staking/st-gap.test.ts#L500,,A-ACT-32; A-ACT-34; A-ACT-35; A-ACT-36; A-BOUND-18; A-CHECK-14; A-SETUP-04; A-SYNC-02
staking,st-gap.test.ts,ST-080: claimEthRewards — recipient contract rejects ETH,ClaimEthRewards — recipient contract rejects ETH,yes,pass,https://github.com/ssvlabs/ssv-network/blob/feat/exhaustive-scenario-coverage/test/e2e/staking/st-gap.test.ts#L560,,A-ACT-32; A-ACT-34; A-ACT-35; A-ACT-36; A-BOUND-18; A-CHECK-14; A-SETUP-04; A-SYNC-02
staking,st-gap.test.ts,ST-095: claimEthRewards — insufficient contract ETH (accounting mismatch),ClaimEthRewards — insufficient contract ETH (accounting mismatch),yes,pass,https://github.com/ssvlabs/ssv-network/blob/feat/exhaustive-scenario-coverage/test/e2e/staking/st-gap.test.ts#L589,,A-ACT-32; A-ACT-34; A-ACT-35; A-ACT-36; A-BOUND-18; A-CHECK-14; A-SETUP-04; A-SYNC-02
staking,st-gap.test.ts,"ST-096: syncFees with no new earnings — current <= previous, no FeesSynced event","SyncFees with no new earnings — current <= previous, no FeesSynced event",yes,pass,https://github.com/ssvlabs/ssv-network/blob/feat/exhaustive-scenario-coverage/test/e2e/staking/st-gap.test.ts#L616,,A-ACT-32; A-ACT-34; A-ACT-35; A-ACT-36; A-BOUND-18; A-CHECK-14; A-SETUP-04; A-SYNC-02
staking,st-gap.test.ts,ST-090: Rescued token transfer failure propagation,Rescued token transfer failure propagation,yes,pass,https://github.com/ssvlabs/ssv-network/blob/feat/exhaustive-scenario-coverage/test/e2e/staking/st-gap.test.ts#L654,,A-ACT-32; A-ACT-34; A-ACT-35; A-ACT-36; A-BOUND-18; A-CHECK-14; A-SETUP-04; A-SYNC-02
staking,staking-edge-cases.test.ts,Zero cSSV supply — fees are unclaimable,Zero cSSV supply — fees are unclaimable,no,pass,https://github.com/ssvlabs/ssv-network/blob/feat/exhaustive-scenario-coverage/test/e2e/staking/staking-edge-cases.test.ts#L57,,A-ACT-34; A-ACT-35; A-BOUND-22; A-CHECK-14; A-CHECK-15; A-CHECK-17; A-CHECK-18; A-INV-02; A-INV-03
staking,staking-edge-cases.test.ts,accEthPerShare monotonicity — never decreases,AccEthPerShare monotonicity — never decreases,no,pass,https://github.com/ssvlabs/ssv-network/blob/feat/exhaustive-scenario-coverage/test/e2e/staking/staking-edge-cases.test.ts#L110,,A-ACT-34; A-ACT-35; A-BOUND-22; A-CHECK-14; A-CHECK-15; A-CHECK-17; A-CHECK-18; A-INV-02; A-INV-03
staking,staking-edge-cases.test.ts,Dust accumulation — dust eventually claimable,Dust accumulation — dust eventually claimable,no,pass,https://github.com/ssvlabs/ssv-network/blob/feat/exhaustive-scenario-coverage/test/e2e/staking/staking-edge-cases.test.ts#L160,,A-ACT-34; A-ACT-35; A-BOUND-22; A-CHECK-14; A-CHECK-15; A-CHECK-17; A-CHECK-18; A-INV-02; A-INV-03
staking,staking-edge-cases.test.ts,Should allow exactly 2000 pending requests and revert on 2001,Should allow exactly 2000 pending requests and revert on 2001,no,pass,https://github.com/ssvlabs/ssv-network/blob/feat/exhaustive-scenario-coverage/test/e2e/staking/staking-edge-cases.test.ts#L220,,A-ACT-34; A-ACT-35; A-BOUND-22; A-CHECK-14; A-CHECK-15; A-CHECK-17; A-CHECK-18; A-INV-02; A-INV-03
staking,staking-edge-cases.test.ts,Withdrawing unlocked requests frees slots for new requests,Withdrawing unlocked requests frees slots for new requests,no,pass,https://github.com/ssvlabs/ssv-network/blob/feat/exhaustive-scenario-coverage/test/e2e/staking/staking-edge-cases.test.ts#L260,,A-ACT-34; A-ACT-35; A-BOUND-22; A-CHECK-14; A-CHECK-15; A-CHECK-17; A-CHECK-18; A-INV-02; A-INV-03
staking,staking-edge-cases.test.ts,Should revert with StakeTooLow for stake(0),Should revert with StakeTooLow for stake(0),no,pass,https://github.com/ssvlabs/ssv-network/blob/feat/exhaustive-scenario-coverage/test/e2e/staking/staking-edge-cases.test.ts#L317,,A-ACT-34; A-ACT-35; A-BOUND-22; A-CHECK-14; A-CHECK-15; A-CHECK-17; A-CHECK-18; A-INV-02; A-INV-03
staking,staking-edge-cases.test.ts,Should revert with StakeTooLow for amount below minimum,Should revert with StakeTooLow for amount below minimum,no,pass,https://github.com/ssvlabs/ssv-network/blob/feat/exhaustive-scenario-coverage/test/e2e/staking/staking-edge-cases.test.ts#L326,,A-ACT-34; A-ACT-35; A-BOUND-22; A-CHECK-14; A-CHECK-15; A-CHECK-17; A-CHECK-18; A-INV-02; A-INV-03
staking,staking-edge-cases.test.ts,Should succeed at exactly MINIMAL_STAKING_AMOUNT,Should succeed at exactly MINIMAL_STAKING_AMOUNT,no,pass,https://github.com/ssvlabs/ssv-network/blob/feat/exhaustive-scenario-coverage/test/e2e/staking/staking-edge-cases.test.ts#L341,,A-ACT-34; A-ACT-35; A-BOUND-22; A-CHECK-14; A-CHECK-15; A-CHECK-17; A-CHECK-18; A-INV-02; A-INV-03
staking,staking-edge-cases.test.ts,Should update accEthPerShare without settling any user's rewards,Should update accEthPerShare without settling any user's rewards,no,pass,https://github.com/ssvlabs/ssv-network/blob/feat/exhaustive-scenario-coverage/test/e2e/staking/staking-edge-cases.test.ts#L357,,A-ACT-34; A-ACT-35; A-BOUND-22; A-CHECK-14; A-CHECK-15; A-CHECK-17; A-CHECK-18; A-INV-02; A-INV-03
staking,staking-edge-cases.test.ts,Anyone can call syncFees (not restricted to stakers),Anyone can call syncFees (not restricted to stakers),no,pass,https://github.com/ssvlabs/ssv-network/blob/feat/exhaustive-scenario-coverage/test/e2e/staking/staking-edge-cases.test.ts#L421,,A-ACT-34; A-ACT-35; A-BOUND-22; A-CHECK-14; A-CHECK-15; A-CHECK-17; A-CHECK-18; A-INV-02; A-INV-03
staking,staking-edge-cases.test.ts,Both requestUnstake and claimEthRewards can be called in same block context,Both requestUnstake and claimEthRewards can be called in same block context,no,pass,https://github.com/ssvlabs/ssv-network/blob/feat/exhaustive-scenario-coverage/test/e2e/staking/staking-edge-cases.test.ts#L455,,A-ACT-34; A-ACT-35; A-BOUND-22; A-CHECK-14; A-CHECK-15; A-CHECK-17; A-CHECK-18; A-INV-02; A-INV-03
staking,staking-edge-cases.test.ts,Claiming twice in the same block only pays once,Claiming twice in the same block only pays once,no,pass,https://github.com/ssvlabs/ssv-network/blob/feat/exhaustive-scenario-coverage/test/e2e/staking/staking-edge-cases.test.ts#L520,,A-ACT-34; A-ACT-35; A-BOUND-22; A-CHECK-14; A-CHECK-15; A-CHECK-17; A-CHECK-18; A-INV-02; A-INV-03
staking,staking-lifecycle.test.ts,"Should allow a user to stake SSV, earn network fee revenue, and claim ETH rewards","Should allow a user to stake SSV, earn network fee revenue, and claim ETH rewards",no,pass,https://github.com/ssvlabs/ssv-network/blob/feat/exhaustive-scenario-coverage/test/e2e/staking/staking-lifecycle.test.ts#L56,,A-ACT-32; A-ACT-34; A-ACT-35; A-ACT-36; A-BOUND-18; A-CHECK-15; A-CHECK-16; A-SETUP-04; A-TEAR-03; A-TEAR-04
staking,staking-lifecycle.test.ts,Pre-stake fees when cSSV supply is zero are permanently locked,Pre-stake fees when cSSV supply is zero are permanently locked,no,pass,https://github.com/ssvlabs/ssv-network/blob/feat/exhaustive-scenario-coverage/test/e2e/staking/staking-lifecycle.test.ts#L112,,A-ACT-32; A-ACT-34; A-ACT-35; A-ACT-36; A-BOUND-18; A-CHECK-15; A-CHECK-16; A-SETUP-04; A-TEAR-03; A-TEAR-04
staking,staking-lifecycle.test.ts,"Should distribute rewards proportionally: A gets 25%, B gets 75% with 10:30 ratio","Should distribute rewards proportionally: A gets 25%, B gets 75% with 10:30 ratio",no,pass,https://github.com/ssvlabs/ssv-network/blob/feat/exhaustive-scenario-coverage/test/e2e/staking/staking-lifecycle.test.ts#L166,,A-ACT-32; A-ACT-34; A-ACT-35; A-ACT-36; A-BOUND-18; A-CHECK-15; A-CHECK-16; A-SETUP-04; A-TEAR-03; A-TEAR-04
staking,staking-lifecycle.test.ts,Three stakers split rewards correctly when one unstakes mid-period,Three stakers split rewards correctly when one unstakes mid-period,no,pass,https://github.com/ssvlabs/ssv-network/blob/feat/exhaustive-scenario-coverage/test/e2e/staking/staking-lifecycle.test.ts#L246,,A-ACT-32; A-ACT-34; A-ACT-35; A-ACT-36; A-BOUND-18; A-CHECK-15; A-CHECK-16; A-SETUP-04; A-TEAR-03; A-TEAR-04
staking,staking-lifecycle.test.ts,Late joiner B does NOT capture fees from before they staked,Late joiner B does NOT capture fees from before they staked,no,pass,https://github.com/ssvlabs/ssv-network/blob/feat/exhaustive-scenario-coverage/test/e2e/staking/staking-lifecycle.test.ts#L367,,A-ACT-32; A-ACT-34; A-ACT-35; A-ACT-36; A-BOUND-18; A-CHECK-15; A-CHECK-16; A-SETUP-04; A-TEAR-03; A-TEAR-04
staking,staking-lifecycle.test.ts,Should lock SSV during cooldown and allow withdrawal after,Should lock SSV during cooldown and allow withdrawal after,no,pass,https://github.com/ssvlabs/ssv-network/blob/feat/exhaustive-scenario-coverage/test/e2e/staking/staking-lifecycle.test.ts#L451,,A-ACT-32; A-ACT-34; A-ACT-35; A-ACT-36; A-BOUND-18; A-CHECK-15; A-CHECK-16; A-SETUP-04; A-TEAR-03; A-TEAR-04
staking,staking-lifecycle.test.ts,Rewards are settled with pre-burn balance during requestUnstake,Rewards are settled with pre-burn balance during requestUnstake,no,pass,https://github.com/ssvlabs/ssv-network/blob/feat/exhaustive-scenario-coverage/test/e2e/staking/staking-lifecycle.test.ts#L511,,A-ACT-32; A-ACT-34; A-ACT-35; A-ACT-36; A-BOUND-18; A-CHECK-15; A-CHECK-16; A-SETUP-04; A-TEAR-03; A-TEAR-04
staking,staking-lifecycle.test.ts,Cooldown changes do not alter reward accrual before and after requestUnstake,Cooldown changes do not alter reward accrual before and after requestUnstake,no,pass,https://github.com/ssvlabs/ssv-network/blob/feat/exhaustive-scenario-coverage/test/e2e/staking/staking-lifecycle.test.ts#L565,,A-ACT-32; A-ACT-34; A-ACT-35; A-ACT-36; A-BOUND-18; A-CHECK-15; A-CHECK-16; A-SETUP-04; A-TEAR-03; A-TEAR-04
staking,staking-lifecycle.test.ts,Burned cSSV stops earning rewards immediately,Burned cSSV stops earning rewards immediately,no,pass,https://github.com/ssvlabs/ssv-network/blob/feat/exhaustive-scenario-coverage/test/e2e/staking/staking-lifecycle.test.ts#L650,,A-ACT-32; A-ACT-34; A-ACT-35; A-ACT-36; A-BOUND-18; A-CHECK-15; A-CHECK-16; A-SETUP-04; A-TEAR-03; A-TEAR-04
staking,staking-rewards.test.ts,Staking rewards increase after updateNetworkFee raises the ETH network fee,Staking rewards increase after updateNetworkFee raises the ETH network fee,no,pass,https://github.com/ssvlabs/ssv-network/blob/feat/exhaustive-scenario-coverage/test/e2e/staking/staking-rewards.test.ts#L78,,A-ACT-40; A-BOUND-19; A-CHECK-14; A-CHECK-16; A-CHECK-18; A-SYNC-01
staking,staking-rewards.test.ts,Staking rewards decrease after updateNetworkFee lowers the ETH network fee,Staking rewards decrease after updateNetworkFee lowers the ETH network fee,no,pass,https://github.com/ssvlabs/ssv-network/blob/feat/exhaustive-scenario-coverage/test/e2e/staking/staking-rewards.test.ts#L207,,A-ACT-40; A-BOUND-19; A-CHECK-14; A-CHECK-16; A-CHECK-18; A-SYNC-01
staking,staking-rewards.test.ts,Staking rewards stop after updateNetworkFee sets the ETH network fee to zero,Staking rewards stop after updateNetworkFee sets the ETH network fee to zero,no,pass,https://github.com/ssvlabs/ssv-network/blob/feat/exhaustive-scenario-coverage/test/e2e/staking/staking-rewards.test.ts#L300,,A-ACT-40; A-BOUND-19; A-CHECK-14; A-CHECK-16; A-CHECK-18; A-SYNC-01
staking,staking-rewards.test.ts,Staking rewards track multiple updateNetworkFee changes across consecutive periods,Staking rewards track multiple updateNetworkFee changes across consecutive periods,no,pass,https://github.com/ssvlabs/ssv-network/blob/feat/exhaustive-scenario-coverage/test/e2e/staking/staking-rewards.test.ts#L412,,A-ACT-40; A-BOUND-19; A-CHECK-14; A-CHECK-16; A-CHECK-18; A-SYNC-01
staking,staking-rewards.test.ts,Staking rewards stay unchanged after updateUnstakeCooldownDuration increases cooldown,Staking rewards stay unchanged after updateUnstakeCooldownDuration increases cooldown,no,pass,https://github.com/ssvlabs/ssv-network/blob/feat/exhaustive-scenario-coverage/test/e2e/staking/staking-rewards.test.ts#L608,,A-ACT-40; A-BOUND-19; A-CHECK-14; A-CHECK-16; A-CHECK-18; A-SYNC-01
staking,staking-rewards.test.ts,Staking rewards stay unchanged after updateUnstakeCooldownDuration decreases cooldown,Staking rewards stay unchanged after updateUnstakeCooldownDuration decreases cooldown,no,pass,https://github.com/ssvlabs/ssv-network/blob/feat/exhaustive-scenario-coverage/test/e2e/staking/staking-rewards.test.ts#L751,,A-ACT-40; A-BOUND-19; A-CHECK-14; A-CHECK-16; A-CHECK-18; A-SYNC-01
staking,staking-rewards.test.ts,Staking rewards double after EB update doubles vUnits,Staking rewards double after EB update doubles vUnits,no,pass,https://github.com/ssvlabs/ssv-network/blob/feat/exhaustive-scenario-coverage/test/e2e/staking/staking-rewards.test.ts#L894,,A-ACT-40; A-BOUND-19; A-CHECK-14; A-CHECK-16; A-CHECK-18; A-SYNC-01
staking,staking-rewards.test.ts,Staking rewards decrease when a cluster is liquidated,Staking rewards decrease when a cluster is liquidated,no,pass,https://github.com/ssvlabs/ssv-network/blob/feat/exhaustive-scenario-coverage/test/e2e/staking/staking-rewards.test.ts#L994,,A-ACT-40; A-BOUND-19; A-CHECK-14; A-CHECK-16; A-CHECK-18; A-SYNC-01
staking,staking-rewards.test.ts,"Exact reward calculation for 1 staker, 1 cluster, 1000 blocks","Exact reward calculation for 1 staker, 1 cluster, 1000 blocks",no,pass,https://github.com/ssvlabs/ssv-network/blob/feat/exhaustive-scenario-coverage/test/e2e/staking/staking-rewards.test.ts#L1104,,A-ACT-40; A-BOUND-19; A-CHECK-14; A-CHECK-16; A-CHECK-18; A-SYNC-01
staking,staking-rewards.test.ts,Rewards split correctly with 3:7 ratio and no precision loss for clean division,Rewards split correctly with 3:7 ratio and no precision loss for clean division,no,pass,https://github.com/ssvlabs/ssv-network/blob/feat/exhaustive-scenario-coverage/test/e2e/staking/staking-rewards.test.ts#L1158,,A-ACT-40; A-BOUND-19; A-CHECK-14; A-CHECK-16; A-CHECK-18; A-SYNC-01
staking,staking-rewards.test.ts,Truncation dust is at most 1 wei equivalent per user when using odd supply,Truncation dust is at most 1 wei equivalent per user when using odd supply,no,pass,https://github.com/ssvlabs/ssv-network/blob/feat/exhaustive-scenario-coverage/test/e2e/staking/staking-rewards.test.ts#L1220,,A-ACT-40; A-BOUND-19; A-CHECK-14; A-CHECK-16; A-CHECK-18; A-SYNC-01
staking,staking-rewards.test.ts,Pre-existing DAO revenue is not distributed to first staker,Pre-existing DAO revenue is not distributed to first staker,no,pass,https://github.com/ssvlabs/ssv-network/blob/feat/exhaustive-scenario-coverage/test/e2e/staking/staking-rewards.test.ts#L1259,,A-ACT-40; A-BOUND-19; A-CHECK-14; A-CHECK-16; A-CHECK-18; A-SYNC-01
staking,staking-rewards.test.ts,Full chain trace: EB update → DAO vUnit change → higher earnings → syncFees → claim,Full chain trace: EB update → DAO vUnit change → higher earnings → syncFees → claim,no,pass,https://github.com/ssvlabs/ssv-network/blob/feat/exhaustive-scenario-coverage/test/e2e/staking/staking-rewards.test.ts#L1319,,A-ACT-40; A-BOUND-19; A-CHECK-14; A-CHECK-16; A-CHECK-18; A-SYNC-01
staking,staking-transfers.test.ts,Transfer settles both sender and receiver; pre-transfer revenue goes to sender only,Transfer settles both sender and receiver; pre-transfer revenue goes to sender only,no,pass,https://github.com/ssvlabs/ssv-network/blob/feat/exhaustive-scenario-coverage/test/e2e/staking/staking-transfers.test.ts#L53,,A-ACT-37
staking,staking-transfers.test.ts,Stake-transfer-stake cycle preserves reward boundaries across all phases,Stake-transfer-stake cycle preserves reward boundaries across all phases,no,pass,https://github.com/ssvlabs/ssv-network/blob/feat/exhaustive-scenario-coverage/test/e2e/staking/staking-transfers.test.ts#L140,,A-ACT-37
staking,staking-transfers.test.ts,Receiver B's userIndex is set to accEthPerShare at transfer time,Receiver B's userIndex is set to accEthPerShare at transfer time,no,pass,https://github.com/ssvlabs/ssv-network/blob/feat/exhaustive-scenario-coverage/test/e2e/staking/staking-transfers.test.ts#L259,,A-ACT-37
staking,staking-transfers.test.ts,Mint (via stake) does not trigger onCSSVTransfer — from == address(0),Mint (via stake) does not trigger onCSSVTransfer — from == address(0),no,pass,https://github.com/ssvlabs/ssv-network/blob/feat/exhaustive-scenario-coverage/test/e2e/staking/staking-transfers.test.ts#L304,,A-ACT-37
staking,staking-transfers.test.ts,Burn (via requestUnstake) does not trigger onCSSVTransfer — to == address(0),Burn (via requestUnstake) does not trigger onCSSVTransfer — to == address(0),no,pass,https://github.com/ssvlabs/ssv-network/blob/feat/exhaustive-scenario-coverage/test/e2e/staking/staking-transfers.test.ts#L333,,A-ACT-37
staking,staking-transfers.test.ts,Self-transfer does not trigger onCSSVTransfer — from == to,Self-transfer does not trigger onCSSVTransfer — from == to,no,pass,https://github.com/ssvlabs/ssv-network/blob/feat/exhaustive-scenario-coverage/test/e2e/staking/staking-transfers.test.ts#L369,,A-ACT-37
staking,staking-transfers.test.ts,Self-transfer keeps reward accrual equal to uninterrupted staking,Self-transfer keeps reward accrual equal to uninterrupted staking,no,pass,https://github.com/ssvlabs/ssv-network/blob/feat/exhaustive-scenario-coverage/test/e2e/staking/staking-transfers.test.ts#L403,,A-ACT-37
staking,staking-transfers.test.ts,Zero-amount transfer does not trigger onCSSVTransfer — amount == 0,Zero-amount transfer does not trigger onCSSVTransfer — amount == 0,no,pass,https://github.com/ssvlabs/ssv-network/blob/feat/exhaustive-scenario-coverage/test/e2e/staking/staking-transfers.test.ts#L469,,A-ACT-37
staking,staking-transfers.test.ts,Normal user-to-user transfer DOES trigger onCSSVTransfer,Normal user-to-user transfer DOES trigger onCSSVTransfer,no,pass,https://github.com/ssvlabs/ssv-network/blob/feat/exhaustive-scenario-coverage/test/e2e/staking/staking-transfers.test.ts#L502,,A-ACT-37
validators,validator-edge-cases.test.ts,Reverts with EmptyPublicKeysList on bulk register with empty array,Reverts with EmptyPublicKeysList on bulk register with empty array,no,pass,https://github.com/ssvlabs/ssv-network/blob/feat/exhaustive-scenario-coverage/test/e2e/validators/validator-edge-cases.test.ts#L73,,A-ACT-06; A-CHECK-04
validators,validator-edge-cases.test.ts,Reverts with PublicKeysSharesLengthMismatch on mismatched key/share arrays,Reverts with PublicKeysSharesLengthMismatch on mismatched key/share arrays,no,pass,https://github.com/ssvlabs/ssv-network/blob/feat/exhaustive-scenario-coverage/test/e2e/validators/validator-edge-cases.test.ts#L92,,A-ACT-06; A-CHECK-04
validators,validator-edge-cases.test.ts,Reverts with InvalidPublicKeyLength on short public key,Reverts with InvalidPublicKeyLength on short public key,no,pass,https://github.com/ssvlabs/ssv-network/blob/feat/exhaustive-scenario-coverage/test/e2e/validators/validator-edge-cases.test.ts#L111,,A-ACT-06; A-CHECK-04
validators,validator-edge-cases.test.ts,Reverts with InvalidOperatorIdsLength for < 4 operators,Reverts with InvalidOperatorIdsLength for < 4 operators,no,pass,https://github.com/ssvlabs/ssv-network/blob/feat/exhaustive-scenario-coverage/test/e2e/validators/validator-edge-cases.test.ts#L131,,A-ACT-06; A-CHECK-04
validators,validator-edge-cases.test.ts,"Reverts with InvalidOperatorIdsLength for 5 operators (not 4,7,10,13)","Reverts with InvalidOperatorIdsLength for 5 operators (not 4,7,10,13)",no,pass,https://github.com/ssvlabs/ssv-network/blob/feat/exhaustive-scenario-coverage/test/e2e/validators/validator-edge-cases.test.ts#L150,,A-ACT-06; A-CHECK-04
validators,validator-edge-cases.test.ts,Reverts with UnsortedOperatorsList for unsorted operators,Reverts with UnsortedOperatorsList for unsorted operators,no,pass,https://github.com/ssvlabs/ssv-network/blob/feat/exhaustive-scenario-coverage/test/e2e/validators/validator-edge-cases.test.ts#L176,,A-ACT-06; A-CHECK-04
validators,validator-edge-cases.test.ts,Reverts with OperatorsListNotUnique for duplicate operators,Reverts with OperatorsListNotUnique for duplicate operators,no,pass,https://github.com/ssvlabs/ssv-network/blob/feat/exhaustive-scenario-coverage/test/e2e/validators/validator-edge-cases.test.ts#L197,,A-ACT-06; A-CHECK-04
validators,validator-edge-cases.test.ts,Reverts with ValidatorAlreadyRegistered when registering same validator twice,Reverts with ValidatorAlreadyRegistered when registering same validator twice,no,pass,https://github.com/ssvlabs/ssv-network/blob/feat/exhaustive-scenario-coverage/test/e2e/validators/validator-edge-cases.test.ts#L217,,A-ACT-06; A-CHECK-04
validators,validator-edge-cases.test.ts,Reverts with IncorrectClusterState when passing wrong cluster struct,Reverts with IncorrectClusterState when passing wrong cluster struct,no,pass,https://github.com/ssvlabs/ssv-network/blob/feat/exhaustive-scenario-coverage/test/e2e/validators/validator-edge-cases.test.ts#L250,,A-ACT-06; A-CHECK-04
validators,validator-edge-cases.test.ts,Reverts with ValidatorDoesNotExist for non-existent validator,Reverts with ValidatorDoesNotExist for non-existent validator,no,pass,https://github.com/ssvlabs/ssv-network/blob/feat/exhaustive-scenario-coverage/test/e2e/validators/validator-edge-cases.test.ts#L281,,A-ACT-06; A-CHECK-04
validators,validator-edge-cases.test.ts,Reverts with IncorrectValidatorStateWithData when wrong owner removes,Reverts with IncorrectValidatorStateWithData when wrong owner removes,no,pass,https://github.com/ssvlabs/ssv-network/blob/feat/exhaustive-scenario-coverage/test/e2e/validators/validator-edge-cases.test.ts#L310,,A-ACT-06; A-CHECK-04
validators,validator-edge-cases.test.ts,Reverts with IncorrectClusterState with stale cluster struct,Reverts with IncorrectClusterState with stale cluster struct,no,pass,https://github.com/ssvlabs/ssv-network/blob/feat/exhaustive-scenario-coverage/test/e2e/validators/validator-edge-cases.test.ts#L339,,A-ACT-06; A-CHECK-04
validators,validator-edge-cases.test.ts,Reverts with ValidatorDoesNotExist for bulk remove with empty array,Reverts with ValidatorDoesNotExist for bulk remove with empty array,no,pass,https://github.com/ssvlabs/ssv-network/blob/feat/exhaustive-scenario-coverage/test/e2e/validators/validator-edge-cases.test.ts#L364,,A-ACT-06; A-CHECK-04
validators,validator-edge-cases.test.ts,Register then remove in same block — no double-counting,Register then remove in same block — no double-counting,no,pass,https://github.com/ssvlabs/ssv-network/blob/feat/exhaustive-scenario-coverage/test/e2e/validators/validator-edge-cases.test.ts#L395,,A-ACT-06; A-CHECK-04
validators,validator-edge-cases.test.ts,Cluster balance floors at 0 when fees exceed balance,Cluster balance floors at 0 when fees exceed balance,no,pass,https://github.com/ssvlabs/ssv-network/blob/feat/exhaustive-scenario-coverage/test/e2e/validators/validator-edge-cases.test.ts#L464,,A-ACT-06; A-CHECK-04
validators,validator-edge-cases.test.ts,exitValidator emits event but makes no state change,ExitValidator emits event but makes no state change,no,pass,https://github.com/ssvlabs/ssv-network/blob/feat/exhaustive-scenario-coverage/test/e2e/validators/validator-edge-cases.test.ts#L494,,A-ACT-06; A-CHECK-04
validators,validator-edge-cases.test.ts,exitValidator reverts with ValidatorDoesNotExist for non-existent validator,ExitValidator reverts with ValidatorDoesNotExist for non-existent validator,no,pass,https://github.com/ssvlabs/ssv-network/blob/feat/exhaustive-scenario-coverage/test/e2e/validators/validator-edge-cases.test.ts#L542,,A-ACT-06; A-CHECK-04
validators,validator-edge-cases.test.ts,exitValidator reverts with wrong operator IDs,ExitValidator reverts with wrong operator IDs,no,pass,https://github.com/ssvlabs/ssv-network/blob/feat/exhaustive-scenario-coverage/test/e2e/validators/validator-edge-cases.test.ts#L557,,A-ACT-06; A-CHECK-04
validators,validator-edge-cases.test.ts,DAO earnings match cluster network fee payments,DAO earnings match cluster network fee payments,no,pass,https://github.com/ssvlabs/ssv-network/blob/feat/exhaustive-scenario-coverage/test/e2e/validators/validator-edge-cases.test.ts#L589,,A-ACT-06; A-CHECK-04
validators,validator-edge-cases.test.ts,Register operators and validator in same block — no error from zero blockDiff,Register operators and validator in same block — no error from zero blockDiff,no,pass,https://github.com/ssvlabs/ssv-network/blob/feat/exhaustive-scenario-coverage/test/e2e/validators/validator-edge-cases.test.ts#L639,,A-ACT-06; A-CHECK-04
validators,validator-edge-cases.test.ts,Register validator with 13 operators — correct state and reasonable gas,Register validator with 13 operators — correct state and reasonable gas,no,pass,https://github.com/ssvlabs/ssv-network/blob/feat/exhaustive-scenario-coverage/test/e2e/validators/validator-edge-cases.test.ts#L690,,A-ACT-06; A-CHECK-04
validators,validator-edge-cases.test.ts,Adding validator to explicit-EB cluster adds default vUnits baseline,Adding validator to explicit-EB cluster adds default vUnits baseline,no,pass,https://github.com/ssvlabs/ssv-network/blob/feat/exhaustive-scenario-coverage/test/e2e/validators/validator-edge-cases.test.ts#L766,,A-ACT-06; A-CHECK-04
validators,validator-edge-cases.test.ts,Remove last validator — cluster persists with remaining balance,Remove last validator — cluster persists with remaining balance,no,pass,https://github.com/ssvlabs/ssv-network/blob/feat/exhaustive-scenario-coverage/test/e2e/validators/validator-edge-cases.test.ts#L817,,A-ACT-06; A-CHECK-04
validators,validator-edge-cases.test.ts,Bulk remove 3 of 5 validators — correct state after,Bulk remove 3 of 5 validators — correct state after,no,pass,https://github.com/ssvlabs/ssv-network/blob/feat/exhaustive-scenario-coverage/test/e2e/validators/validator-edge-cases.test.ts#L880,,A-ACT-06; A-CHECK-04
validators,validator-edge-cases.test.ts,Deposit and withdraw do not change operator validator counts,Deposit and withdraw do not change operator validator counts,no,pass,https://github.com/ssvlabs/ssv-network/blob/feat/exhaustive-scenario-coverage/test/e2e/validators/validator-edge-cases.test.ts#L951,,A-ACT-06; A-CHECK-04
validators,validator-lifecycle.test.ts,"Registers validator, verifies default ETH fee applied, fees accrue correctly","Registers validator, verifies default ETH fee applied, fees accrue correctly",no,pass,https://github.com/ssvlabs/ssv-network/blob/feat/exhaustive-scenario-coverage/test/e2e/validators/validator-lifecycle.test.ts#L61,,A-ACT-01; A-ACT-02; A-ACT-04; A-CHECK-04
validators,validator-lifecycle.test.ts,Register on operators with fee=0 — zero fee accrual,Register on operators with fee=0 — zero fee accrual,no,pass,https://github.com/ssvlabs/ssv-network/blob/feat/exhaustive-scenario-coverage/test/e2e/validators/validator-lifecycle.test.ts#L132,,A-ACT-01; A-ACT-02; A-ACT-04; A-CHECK-04
validators,validator-lifecycle.test.ts,"Adds validator to existing cluster, settles fees from first period","Adds validator to existing cluster, settles fees from first period",no,pass,https://github.com/ssvlabs/ssv-network/blob/feat/exhaustive-scenario-coverage/test/e2e/validators/validator-lifecycle.test.ts#L163,,A-ACT-01; A-ACT-02; A-ACT-04; A-CHECK-04
validators,validator-lifecycle.test.ts,"Non-whitelisted caller reverts, whitelisted caller succeeds","Non-whitelisted caller reverts, whitelisted caller succeeds",no,pass,https://github.com/ssvlabs/ssv-network/blob/feat/exhaustive-scenario-coverage/test/e2e/validators/validator-lifecycle.test.ts#L257,,A-ACT-01; A-ACT-02; A-ACT-04; A-CHECK-04
validators,validator-lifecycle.test.ts,Mix of public and private operators in same cluster,Mix of public and private operators in same cluster,no,pass,https://github.com/ssvlabs/ssv-network/blob/feat/exhaustive-scenario-coverage/test/e2e/validators/validator-lifecycle.test.ts#L307,,A-ACT-01; A-ACT-02; A-ACT-04; A-CHECK-04
validators,validator-lifecycle.test.ts,"Bulk registers 3 validators, verifies counts and events","Bulk registers 3 validators, verifies counts and events",no,pass,https://github.com/ssvlabs/ssv-network/blob/feat/exhaustive-scenario-coverage/test/e2e/validators/validator-lifecycle.test.ts#L366,,A-ACT-01; A-ACT-02; A-ACT-04; A-CHECK-04
validators,validator-lifecycle.test.ts,Bulk register with 0 public keys reverts EmptyPublicKeysList,Bulk register with 0 public keys reverts EmptyPublicKeysList,no,pass,https://github.com/ssvlabs/ssv-network/blob/feat/exhaustive-scenario-coverage/test/e2e/validators/validator-lifecycle.test.ts#L417,,A-ACT-01; A-ACT-02; A-ACT-04; A-CHECK-04
validators,validator-lifecycle.test.ts,Bulk register with mismatched lengths reverts,Bulk register with mismatched lengths reverts,no,pass,https://github.com/ssvlabs/ssv-network/blob/feat/exhaustive-scenario-coverage/test/e2e/validators/validator-lifecycle.test.ts#L434,,A-ACT-01; A-ACT-02; A-ACT-04; A-CHECK-04
validators,validator-lifecycle.test.ts,Bulk register with duplicate key reverts,Bulk register with duplicate key reverts,no,pass,https://github.com/ssvlabs/ssv-network/blob/feat/exhaustive-scenario-coverage/test/e2e/validators/validator-lifecycle.test.ts#L457,,A-ACT-01; A-ACT-02; A-ACT-04; A-CHECK-04
validators,validator-lifecycle.test.ts,"Removes validator from 2-validator cluster, settles fees correctly","Removes validator from 2-validator cluster, settles fees correctly",no,pass,https://github.com/ssvlabs/ssv-network/blob/feat/exhaustive-scenario-coverage/test/e2e/validators/validator-lifecycle.test.ts#L481,,A-ACT-01; A-ACT-02; A-ACT-04; A-CHECK-04
validators,validator-lifecycle.test.ts,Remove non-existent validator reverts with ValidatorDoesNotExist,Remove non-existent validator reverts with ValidatorDoesNotExist,no,pass,https://github.com/ssvlabs/ssv-network/blob/feat/exhaustive-scenario-coverage/test/e2e/validators/validator-lifecycle.test.ts#L586,,A-ACT-01; A-ACT-02; A-ACT-04; A-CHECK-04
validators,validator-lifecycle.test.ts,"Removes last validator, cluster persists with remaining balance","Removes last validator, cluster persists with remaining balance",no,pass,https://github.com/ssvlabs/ssv-network/blob/feat/exhaustive-scenario-coverage/test/e2e/validators/validator-lifecycle.test.ts#L623,,A-ACT-01; A-ACT-02; A-ACT-04; A-CHECK-04
validators,validator-lifecycle.test.ts,Register → advance → remove → advance → withdraw — verifies complete lifecycle,Register → advance → remove → advance → withdraw — verifies complete lifecycle,no,pass,https://github.com/ssvlabs/ssv-network/blob/feat/exhaustive-scenario-coverage/test/e2e/validators/validator-lifecycle.test.ts#L706,,A-ACT-01; A-ACT-02; A-ACT-04; A-CHECK-04
validators,validator-lifecycle.test.ts,Verifies exact fee math with block-precise accounting,Verifies exact fee math with block-precise accounting,no,pass,https://github.com/ssvlabs/ssv-network/blob/feat/exhaustive-scenario-coverage/test/e2e/validators/validator-lifecycle.test.ts#L836,,A-ACT-01; A-ACT-02; A-ACT-04; A-CHECK-04
validators,vr-gap.test.ts,succeeds when msg.value equals minimumLiquidationCollateral (which dominates burn-rate threshold),Succeeds when msg.value equals minimumLiquidationCollateral (which dominates burn-rate threshold),yes,pass,https://github.com/ssvlabs/ssv-network/blob/feat/exhaustive-scenario-coverage/test/e2e/validators/vr-gap.test.ts#L85,,A-ACT-01; A-ACT-02; A-ACT-03; A-BOUND-01; A-BOUND-02; A-CHECK-19
validators,vr-gap.test.ts,succeeds when msg.value equals burn-rate liquidation threshold,Succeeds when msg.value equals burn-rate liquidation threshold,yes,pass,https://github.com/ssvlabs/ssv-network/blob/feat/exhaustive-scenario-coverage/test/e2e/validators/vr-gap.test.ts#L119,,A-ACT-01; A-ACT-02; A-ACT-03; A-BOUND-01; A-BOUND-02; A-CHECK-19
validators,vr-gap.test.ts,reverts when msg.value is 1 wei below the burn-rate threshold,Reverts when msg.value is 1 wei below the burn-rate threshold,yes,pass,https://github.com/ssvlabs/ssv-network/blob/feat/exhaustive-scenario-coverage/test/e2e/validators/vr-gap.test.ts#L157,,A-ACT-01; A-ACT-02; A-ACT-03; A-BOUND-01; A-BOUND-02; A-CHECK-19
validators,vr-gap.test.ts,reverts when msg.value is 0,Reverts when msg.value is 0,yes,pass,https://github.com/ssvlabs/ssv-network/blob/feat/exhaustive-scenario-coverage/test/e2e/validators/vr-gap.test.ts#L195,,A-ACT-01; A-ACT-02; A-ACT-03; A-BOUND-01; A-BOUND-02; A-CHECK-19
validators,vr-gap.test.ts,succeeds when caller is legacy-whitelisted for private operator,Succeeds when caller is legacy-whitelisted for private operator,yes,pass,https://github.com/ssvlabs/ssv-network/blob/feat/exhaustive-scenario-coverage/test/e2e/validators/vr-gap.test.ts#L219,,A-ACT-01; A-ACT-02; A-ACT-03; A-BOUND-01; A-BOUND-02; A-CHECK-19
validators,vr-gap.test.ts,succeeds when whitelisting contract returns true,Succeeds when whitelisting contract returns true,yes,pass,https://github.com/ssvlabs/ssv-network/blob/feat/exhaustive-scenario-coverage/test/e2e/validators/vr-gap.test.ts#L250,,A-ACT-01; A-ACT-02; A-ACT-03; A-BOUND-01; A-BOUND-02; A-CHECK-19
validators,vr-gap.test.ts,reverts when whitelisting contract returns false for caller,Reverts when whitelisting contract returns false for caller,yes,pass,https://github.com/ssvlabs/ssv-network/blob/feat/exhaustive-scenario-coverage/test/e2e/validators/vr-gap.test.ts#L282,,A-ACT-01; A-ACT-02; A-ACT-03; A-BOUND-01; A-BOUND-02; A-CHECK-19
validators,vr-gap.test.ts,reverts with 14 operator IDs,Reverts with 14 operator IDs,yes,pass,https://github.com/ssvlabs/ssv-network/blob/feat/exhaustive-scenario-coverage/test/e2e/validators/vr-gap.test.ts#L313,,A-ACT-01; A-ACT-02; A-ACT-03; A-BOUND-01; A-BOUND-02; A-CHECK-19
validators,vr-gap.test.ts,reverts with empty operator IDs array,Reverts with empty operator IDs array,yes,pass,https://github.com/ssvlabs/ssv-network/blob/feat/exhaustive-scenario-coverage/test/e2e/validators/vr-gap.test.ts#L337,,A-ACT-01; A-ACT-02; A-ACT-03; A-BOUND-01; A-BOUND-02; A-CHECK-19
validators,vr-gap.test.ts,succeeds at exact threshold because isLiquidatable uses strict less-than,Succeeds at exact threshold because isLiquidatable uses strict less-than,yes,pass,https://github.com/ssvlabs/ssv-network/blob/feat/exhaustive-scenario-coverage/test/e2e/validators/vr-gap.test.ts#L358,,A-ACT-01; A-ACT-02; A-ACT-03; A-BOUND-01; A-BOUND-02; A-CHECK-19
validators,vr-gap.test.ts,reverts when operator set has an existing SSV cluster not yet migrated,Reverts when operator set has an existing SSV cluster not yet migrated,yes,pass,https://github.com/ssvlabs/ssv-network/blob/feat/exhaustive-scenario-coverage/test/e2e/validators/vr-gap.test.ts#L404,,A-ACT-01; A-ACT-02; A-ACT-03; A-BOUND-01; A-BOUND-02; A-CHECK-19
validators,vr-gap.test.ts,reverts when initial cluster struct has active=false,Reverts when initial cluster struct has active=false,yes,pass,https://github.com/ssvlabs/ssv-network/blob/feat/exhaustive-scenario-coverage/test/e2e/validators/vr-gap.test.ts#L464,,A-ACT-01; A-ACT-02; A-ACT-03; A-BOUND-01; A-BOUND-02; A-CHECK-19
validators,vr-gap.test.ts,increments ethDaoValidatorCount by 1 and daoTotalEthVUnits by BPS_DENOMINATOR,Increments ethDaoValidatorCount by 1 and daoTotalEthVUnits by BPS_DENOMINATOR,yes,pass,https://github.com/ssvlabs/ssv-network/blob/feat/exhaustive-scenario-coverage/test/e2e/validators/vr-gap.test.ts#L496,,A-ACT-01; A-ACT-02; A-ACT-03; A-BOUND-01; A-BOUND-02; A-CHECK-19
validators,vr-gap.test.ts,bulk registers 50 validators and verifies gas is reasonable,Bulk registers 50 validators and verifies gas is reasonable,yes,pass,https://github.com/ssvlabs/ssv-network/blob/feat/exhaustive-scenario-coverage/test/e2e/validators/vr-gap.test.ts#L540,,A-ACT-01; A-ACT-02; A-ACT-03; A-BOUND-01; A-BOUND-02; A-CHECK-19
validators,vr-gap.test.ts,bulk registers 100 validators and verifies gas is reasonable,Bulk registers 100 validators and verifies gas is reasonable,yes,pass,https://github.com/ssvlabs/ssv-network/blob/feat/exhaustive-scenario-coverage/test/e2e/validators/vr-gap.test.ts#L573,,A-ACT-01; A-ACT-02; A-ACT-03; A-BOUND-01; A-BOUND-02; A-CHECK-19
validators,vr-gap.test.ts,reverts when batch pushes operator above validatorsPerOperatorLimit,Reverts when batch pushes operator above validatorsPerOperatorLimit,yes,pass,https://github.com/ssvlabs/ssv-network/blob/feat/exhaustive-scenario-coverage/test/e2e/validators/vr-gap.test.ts#L606,,A-ACT-01; A-ACT-02; A-ACT-03; A-BOUND-01; A-BOUND-02; A-CHECK-19
validators,vr-gap.test.ts,reverts when msg.value is too low for all validators,Reverts when msg.value is too low for all validators,yes,pass,https://github.com/ssvlabs/ssv-network/blob/feat/exhaustive-scenario-coverage/test/e2e/validators/vr-gap.test.ts#L666,,A-ACT-01; A-ACT-02; A-ACT-03; A-BOUND-01; A-BOUND-02; A-CHECK-19
validators,vr-gap.test.ts,cluster balance equals msg.value after bulk registration (single addition),Cluster balance equals msg.value after bulk registration (single addition),yes,pass,https://github.com/ssvlabs/ssv-network/blob/feat/exhaustive-scenario-coverage/test/e2e/validators/vr-gap.test.ts#L706,,A-ACT-01; A-ACT-02; A-ACT-03; A-BOUND-01; A-BOUND-02; A-CHECK-19
validators,vr-gap.test.ts,reverts when bitmap has no bit AND operatorsWhitelist slot is address(0),Reverts when bitmap has no bit AND operatorsWhitelist slot is address(0),yes,pass,https://github.com/ssvlabs/ssv-network/blob/feat/exhaustive-scenario-coverage/test/e2e/validators/vr-gap.test.ts#L735,,A-ACT-01; A-ACT-02; A-ACT-03; A-BOUND-01; A-BOUND-02; A-CHECK-19
validators,vr-gap.test.ts,reverts when legacy slot holds an EOA (not a whitelisting contract),Reverts when legacy slot holds an EOA (not a whitelisting contract),yes,pass,https://github.com/ssvlabs/ssv-network/blob/feat/exhaustive-scenario-coverage/test/e2e/validators/vr-gap.test.ts#L760,,A-ACT-01; A-ACT-02; A-ACT-03; A-BOUND-01; A-BOUND-02; A-CHECK-19
validators,vr-gap.test.ts,initial cluster struct must have all-zero fields with active=true,Initial cluster struct must have all-zero fields with active=true,yes,pass,https://github.com/ssvlabs/ssv-network/blob/feat/exhaustive-scenario-coverage/test/e2e/validators/vr-gap.test.ts#L798,,A-ACT-01; A-ACT-02; A-ACT-03; A-BOUND-01; A-BOUND-02; A-CHECK-19
validators,vr-gap.test.ts,cluster.networkFeeIndex is non-zero after registration,Cluster.networkFeeIndex is non-zero after registration,yes,pass,https://github.com/ssvlabs/ssv-network/blob/feat/exhaustive-scenario-coverage/test/e2e/validators/vr-gap.test.ts#L854,,A-ACT-01; A-ACT-02; A-ACT-03; A-BOUND-01; A-BOUND-02; A-CHECK-19
validators,vr-gap.test.ts,cluster balance is exactly msg.value for a new cluster,Cluster balance is exactly msg.value for a new cluster,yes,pass,https://github.com/ssvlabs/ssv-network/blob/feat/exhaustive-scenario-coverage/test/e2e/validators/vr-gap.test.ts#L892,,A-ACT-01; A-ACT-02; A-ACT-03; A-BOUND-01; A-BOUND-02; A-CHECK-19
validators,vr-gap.test.ts,is protected by Solidity 0.8 checked arithmetic on uint32 — counter cannot silently overflow,Is protected by Solidity 0.8 checked arithmetic on uint32 — counter cannot silently overflow,yes,pass,https://github.com/ssvlabs/ssv-network/blob/feat/exhaustive-scenario-coverage/test/e2e/validators/vr-gap.test.ts#L920,,A-ACT-01; A-ACT-02; A-ACT-03; A-BOUND-01; A-BOUND-02; A-CHECK-19
validators,vr-gap.test.ts,bulk registers successfully when caller is bitmap-whitelisted for all private operators,Bulk registers successfully when caller is bitmap-whitelisted for all private operators,yes,pass,https://github.com/ssvlabs/ssv-network/blob/feat/exhaustive-scenario-coverage/test/e2e/validators/vr-gap.test.ts#L934,,A-ACT-01; A-ACT-02; A-ACT-03; A-BOUND-01; A-BOUND-02; A-CHECK-19
validators,vr-gap.test.ts,reverts bulk registration when caller is NOT whitelisted for one private operator,Reverts bulk registration when caller is NOT whitelisted for one private operator,yes,pass,https://github.com/ssvlabs/ssv-network/blob/feat/exhaustive-scenario-coverage/test/e2e/validators/vr-gap.test.ts#L957,,A-ACT-01; A-ACT-02; A-ACT-03; A-BOUND-01; A-BOUND-02; A-CHECK-19
validators,vr-gap.test.ts,succeeds when operator IDs span across bitmap slot boundary,Succeeds when operator IDs span across bitmap slot boundary,yes,pass,https://github.com/ssvlabs/ssv-network/blob/feat/exhaustive-scenario-coverage/test/e2e/validators/vr-gap.test.ts#L983,,A-ACT-01; A-ACT-02; A-ACT-03; A-BOUND-01; A-BOUND-02; A-CHECK-19
validators,vx-gap.test.ts,VX-006: removeValidator with 7-op cluster and explicit EB,RemoveValidator with 7-op cluster and explicit EB,yes,pass,https://github.com/ssvlabs/ssv-network/blob/feat/exhaustive-scenario-coverage/test/e2e/validators/vx-gap.test.ts#L204,,A-ACT-04; A-ACT-05; A-ACT-06; A-ACT-18
validators,vx-gap.test.ts,VX-015: removeValidator from liquidated ETH cluster — no settlement,RemoveValidator from liquidated ETH cluster — no settlement,yes,pass,https://github.com/ssvlabs/ssv-network/blob/feat/exhaustive-scenario-coverage/test/e2e/validators/vx-gap.test.ts#L240,,A-ACT-04; A-ACT-05; A-ACT-06; A-ACT-18
validators,vx-gap.test.ts,VX-020: removeValidator settles fees using EB-weighted formula (explicit EB),RemoveValidator settles fees using EB-weighted formula (explicit EB),yes,pass,https://github.com/ssvlabs/ssv-network/blob/feat/exhaustive-scenario-coverage/test/e2e/validators/vx-gap.test.ts#L272,,A-ACT-04; A-ACT-05; A-ACT-06; A-ACT-18
validators,vx-gap.test.ts,VX-023: removeValidator then re-register same pubkey succeeds,RemoveValidator then re-register same pubkey succeeds,yes,pass,https://github.com/ssvlabs/ssv-network/blob/feat/exhaustive-scenario-coverage/test/e2e/validators/vx-gap.test.ts#L309,,A-ACT-04; A-ACT-05; A-ACT-06; A-ACT-18
validators,vx-gap.test.ts,VX-028: bulkRemoveValidator all — explicit EB + removed operator — deviation cleanup bug,BulkRemoveValidator all — explicit EB + removed operator — deviation cleanup bug,yes,pass,https://github.com/ssvlabs/ssv-network/blob/feat/exhaustive-scenario-coverage/test/e2e/validators/vx-gap.test.ts#L339,,A-ACT-04; A-ACT-05; A-ACT-06; A-ACT-18
validators,vx-gap.test.ts,"VX-031: bulkRemoveValidator stress — 50 validators, 13 ops","BulkRemoveValidator stress — 50 validators, 13 ops",yes,pass,https://github.com/ssvlabs/ssv-network/blob/feat/exhaustive-scenario-coverage/test/e2e/validators/vx-gap.test.ts#L371,,A-ACT-04; A-ACT-05; A-ACT-06; A-ACT-18
validators,vx-gap.test.ts,VX-033: bulkRemoveValidator from liquidated SSV cluster,BulkRemoveValidator from liquidated SSV cluster,yes,pass,https://github.com/ssvlabs/ssv-network/blob/feat/exhaustive-scenario-coverage/test/e2e/validators/vx-gap.test.ts#L404,,A-ACT-04; A-ACT-05; A-ACT-06; A-ACT-18
validators,vx-gap.test.ts,VX-035: bulkRemoveValidator all from liquidated cluster with explicit EB — deviation NOT cleaned,BulkRemoveValidator all from liquidated cluster with explicit EB — deviation NOT cleaned,yes,pass,https://github.com/ssvlabs/ssv-network/blob/feat/exhaustive-scenario-coverage/test/e2e/validators/vx-gap.test.ts#L471,,A-ACT-04; A-ACT-05; A-ACT-06; A-ACT-18
validators,vx-gap.test.ts,"VX-037: bulkRemoveValidator all — 7-op, 2 removed ops, deviation cleanup","BulkRemoveValidator all — 7-op, 2 removed ops, deviation cleanup",yes,pass,https://github.com/ssvlabs/ssv-network/blob/feat/exhaustive-scenario-coverage/test/e2e/validators/vx-gap.test.ts#L517,,A-ACT-04; A-ACT-05; A-ACT-06; A-ACT-18
validators,vx-gap.test.ts,"VX-038: bulkRemoveValidator after EB up then EB down — deviation correct, no underflow","BulkRemoveValidator after EB up then EB down — deviation correct, no underflow",yes,pass,https://github.com/ssvlabs/ssv-network/blob/feat/exhaustive-scenario-coverage/test/e2e/validators/vx-gap.test.ts#L549,,A-ACT-04; A-ACT-05; A-ACT-06; A-ACT-18
validators,vx-gap.test.ts,"VX-040: exitValidator from legacy SSV cluster — event only, no state change","ExitValidator from legacy SSV cluster — event only, no state change",yes,pass,https://github.com/ssvlabs/ssv-network/blob/feat/exhaustive-scenario-coverage/test/e2e/validators/vx-gap.test.ts#L593,,A-ACT-04; A-ACT-05; A-ACT-06; A-ACT-18
validators,vx-gap.test.ts,VX-044: exitValidator from liquidated cluster — event emitted (no cluster check),ExitValidator from liquidated cluster — event emitted (no cluster check),yes,pass,https://github.com/ssvlabs/ssv-network/blob/feat/exhaustive-scenario-coverage/test/e2e/validators/vx-gap.test.ts#L634,,A-ACT-04; A-ACT-05; A-ACT-06; A-ACT-18
validators,vx-gap.test.ts,VX-050: bulkExitValidator from non-owner reverts,BulkExitValidator from non-owner reverts,yes,pass,https://github.com/ssvlabs/ssv-network/blob/feat/exhaustive-scenario-coverage/test/e2e/validators/vx-gap.test.ts#L659,,A-ACT-04; A-ACT-05; A-ACT-06; A-ACT-18
validators,vx-gap.test.ts,VX-051: bulkExitValidator from liquidated cluster — events emitted,BulkExitValidator from liquidated cluster — events emitted,yes,pass,https://github.com/ssvlabs/ssv-network/blob/feat/exhaustive-scenario-coverage/test/e2e/validators/vx-gap.test.ts#L677,,A-ACT-04; A-ACT-05; A-ACT-06; A-ACT-18
validators,vx-gap.test.ts,VX-052: bulkExitValidator from legacy SSV cluster — events emitted,BulkExitValidator from legacy SSV cluster — events emitted,yes,pass,https://github.com/ssvlabs/ssv-network/blob/feat/exhaustive-scenario-coverage/test/e2e/validators/vx-gap.test.ts#L703,,A-ACT-04; A-ACT-05; A-ACT-06; A-ACT-18
validators,vx-gap.test.ts,VX-058: bulkRemoveValidator after deposit — fee settlement uses correct balance,BulkRemoveValidator after deposit — fee settlement uses correct balance,yes,pass,https://github.com/ssvlabs/ssv-network/blob/feat/exhaustive-scenario-coverage/test/e2e/validators/vx-gap.test.ts#L750,,A-ACT-04; A-ACT-05; A-ACT-06; A-ACT-18
validators,vx-gap.test.ts,VX-059: removed validator then exit same pubkey — reverts ValidatorDoesNotExist,Removed validator then exit same pubkey — reverts ValidatorDoesNotExist,yes,pass,https://github.com/ssvlabs/ssv-network/blob/feat/exhaustive-scenario-coverage/test/e2e/validators/vx-gap.test.ts#L791,,A-ACT-04; A-ACT-05; A-ACT-06; A-ACT-18
validators,vx-gap.test.ts,"VX-060: bulkRemoveValidator all — 10-op, explicit EB, deviation cleanup across all ops","BulkRemoveValidator all — 10-op, explicit EB, deviation cleanup across all ops",yes,pass,https://github.com/ssvlabs/ssv-network/blob/feat/exhaustive-scenario-coverage/test/e2e/validators/vx-gap.test.ts#L811,,A-ACT-04; A-ACT-05; A-ACT-06; A-ACT-18
validators,vx-gap.test.ts,"VX-062: bulkExitValidator twice — idempotent, second call succeeds","BulkExitValidator twice — idempotent, second call succeeds",yes,pass,https://github.com/ssvlabs/ssv-network/blob/feat/exhaustive-scenario-coverage/test/e2e/validators/vx-gap.test.ts#L847,,A-ACT-04; A-ACT-05; A-ACT-06; A-ACT-18
validators,vx-gap.test.ts,VX-063: bulkRemoveValidator — EB underflow when removed op has 0 vUnits (critical bug),BulkRemoveValidator — EB underflow when removed op has 0 vUnits (critical bug),yes,pass,https://github.com/ssvlabs/ssv-network/blob/feat/exhaustive-scenario-coverage/test/e2e/validators/vx-gap.test.ts#L867,,A-ACT-04; A-ACT-05; A-ACT-06; A-ACT-18
validators,vx-gap.test.ts,VX-064: removeValidator from cluster where ALL operators are removed,RemoveValidator from cluster where ALL operators are removed,yes,pass,https://github.com/ssvlabs/ssv-network/blob/feat/exhaustive-scenario-coverage/test/e2e/validators/vx-gap.test.ts#L901,,A-ACT-04; A-ACT-05; A-ACT-06; A-ACT-18
validators,vx-gap.test.ts,VX-065: removeValidator from SSV cluster where one op is removed — SSV path skips removed op,RemoveValidator from SSV cluster where one op is removed — SSV path skips removed op,yes,pass,https://github.com/ssvlabs/ssv-network/blob/feat/exhaustive-scenario-coverage/test/e2e/validators/vx-gap.test.ts#L929,,A-ACT-04; A-ACT-05; A-ACT-06; A-ACT-18
validators,vx-gap.test.ts,VX-067: bulkRemoveValidator all from SSV cluster — validatorCount reaches 0,BulkRemoveValidator all from SSV cluster — validatorCount reaches 0,yes,pass,https://github.com/ssvlabs/ssv-network/blob/feat/exhaustive-scenario-coverage/test/e2e/validators/vx-gap.test.ts#L989,,A-ACT-04; A-ACT-05; A-ACT-06; A-ACT-18
validators,vx-gap.test.ts,VX-069: bulkRemoveValidator partial from liquidated cluster with explicit EB — no cleanup,BulkRemoveValidator partial from liquidated cluster with explicit EB — no cleanup,yes,pass,https://github.com/ssvlabs/ssv-network/blob/feat/exhaustive-scenario-coverage/test/e2e/validators/vx-gap.test.ts#L1047,,A-ACT-04; A-ACT-05; A-ACT-06; A-ACT-18
w10-assertion,xo-op-cluster.test.ts,W10-A: Replace ~55 weak assertions with exact checks in XO tests,Replace greaterThan/lessThan with exact equal checks across xo-op-cluster,yes,pass,,,
w10-assertion,xl-lq-chains.test.ts,W10-A: Replace ~43 weak assertions + add missing state checks in XL tests,Replace inequality assertions and add cluster state checks after operations,yes,pass,,,
w10-assertion,xf-lifecycle.test.ts,W10-A: Replace ~27 weak assertions in XF tests,Replace greaterThan/lessThan with exact equal checks across xf-lifecycle,yes,pass,,,
w10-assertion,xg-migration-staking.test.ts,W10-A: Replace ~74 weak assertions in XG tests,Replace inequality assertions with exact computed values,yes,pass,,,
w10-assertion,rmc-chains.test.ts,W10-B: Add cluster state checks to 32 RMC tests,Add balance/validatorCount/active checks after operations,yes,pass,,,
w10-assertion,rma-auto-liquidation.test.ts,W10-B: Add 33 missing state checks in RMA tests,Add state verification after removeOperator/liquidation/EB update,yes,pass,,,
w10-assertion,rm1-update-vunits.test.ts,W10-B: Strengthen RM1 post-operation state checks,Add missing cluster balance and validatorCount assertions,yes,pass,,,
w10-assertion,rm2-liquidation.test.ts,W10-B: Strengthen RM2 post-operation state checks,Add missing state assertions after liquidation with removed ops,yes,pass,,,
w10-assertion,cluster-eth-edge.test.ts,W10-C: Fix assertion-free test (line 320) — deposit/withdraw no assertions,Add balance checks to deposit/withdraw divisibility test,yes,pass,,,
w10-assertion,wl-gap.test.ts,W10-C: Fix assertion-free test (line 615) — WL-051 bitmap cache reload,Add event emission and state checks to bitmap cache test,yes,pass,,,
w10-assertion,cl-gap.test.ts,W10-C: Replace ~21 weak assertions in CL tests,Replace inequality checks with exact computed values,yes,pass,,,
w10-assertion,eb-gap.test.ts,W10-C: Strengthen EB module assertions,Replace weak checks with exact vUnits/deviation values,yes,pass,,,
w10-assertion,vx-gap.test.ts,W10-C: Strengthen VX module assertions,Replace weak checks with exact values after operations,yes,pass,,,
w10-coverage,inv-gap.test.ts,W10-D: INV-017 — hash integrity after cluster state change,Verify ethClusters hash matches after deposit/withdraw/EB update,yes,pass,,,
w10-coverage,inv-gap.test.ts,W10-D: INV-018 — storage slot consistency after migration,Verify SSV cluster hash deleted and ETH cluster hash created,yes,pass,,,
w10-coverage,inv-gap.test.ts,W10-D: INV-019 — conservation formula after multi-cluster ops,ETH conservation: contract.balance >= sum(clusters) + sum(operators) + networkEarnings,yes,pass,,,
w10-coverage,inv-gap.test.ts,W10-D: INV-020 — SSV conservation after legacy withdrawal,SSV balance conservation through legacy withdrawal cycle,yes,pass,,,
w10-coverage,inv-gap.test.ts,W10-D: INV-033 — mixed ETH/SSV conservation,Conservation holds across mixed SSV and ETH cluster operations,yes,pass,,,
w10-coverage,inv-gap.test.ts,W10-D: INV-047 — daoTotalEthVUnits after full cluster removal,vUnit invariant holds after all validators removed from all clusters,yes,pass,,,
w10-coverage,inv-gap.test.ts,W10-D: INV-049 — accEthPerShare monotonicity under liquidation,accEthPerShare never decreases even during mass liquidation,yes,pass,,,
w10-coverage,inv-gap.test.ts,W10-D: INV-050 — operator dual tracking after fee changes,ethValidatorCount matches sum of active cluster validator counts,yes,pass,,,
w10-coverage,xv-vl-eb.test.ts,W10-E: XV-008 — bulkRegister 50 validators + EB update,Scale test: 50 validators registered then EB update applied,yes,pass,,,
w10-coverage,xv-vl-eb.test.ts,W10-E: XV-015 — remove validator from explicit EB cluster + deviation cleanup,Single validator removal with deviation recalculation,yes,pass,,,
w10-coverage,xv-vl-eb.test.ts,W10-E: XV-028 — last validator removal triggers deviation cleanup,Last validator removed from explicit EB cluster — vUnits zeroed,yes,pass,,,
w10-coverage,xv-vl-eb.test.ts,W10-E: XV-033 — EB round-trip precision (32→48→32),EB increase then decrease back to baseline — no precision loss,yes,pass,,,
w10-coverage,xv-vl-eb.test.ts,W10-E: XV-035 — exit validator has no state effect on EB,Exit event only — effective balance and vUnits unchanged,yes,pass,,,
w10-coverage,xv-vl-eb.test.ts,W10-E: XV-037 — bulk remove with 7-op 2 removed ops deviation cleanup,7-op cluster bulk removal with 2 ops removed — guard tested,yes,pass,,,
w10-coverage,xv-vl-eb.test.ts,W10-E: XV-053 — register into explicit EB cluster,New validator into cluster with non-default EB — vUnits recalculated,yes,pass,,,
w10-coverage,xv-vl-eb.test.ts,W10-E: XV-060 — SSV cluster validator removal with EB,SSV version cluster remove validator — different accounting path,yes,pass,,,
w10-coverage,xf-lifecycle.test.ts,W10-F: XF-006 — 10-op cluster full lifecycle,Full lifecycle with 10-operator cluster parametric test,yes,pass,,,
w10-coverage,xf-lifecycle.test.ts,W10-F: XF-008 — ETHTransferFailed during liquidation bounty,Liquidation bounty transfer to non-payable address reverts,yes,pass,,,
w10-coverage,xf-lifecycle.test.ts,W10-F: XF-009 — views consistency after every operation,getBalance/isLiquidatable/getOperatorEarnings consistent at each step,yes,pass,,,
w10-coverage,xf-lifecycle.test.ts,W10-F: XF-017 — fee change mid-cluster lifecycle,Operator fee change between deposit and withdraw — burn rate updated,yes,pass,,,
w10-coverage,xf-lifecycle.test.ts,W10-F: XF-021 — liquidation at exact threshold boundary,Cluster balance exactly at threshold — not liquidatable,yes,pass,,,
w10-coverage,xf-lifecycle.test.ts,W10-F: XF-026 — migrate then EB update then liquidate chain,Full cross-module chain: SSV→ETH migration + EB + liquidation,yes,pass,,,
w10-coverage,xf-lifecycle.test.ts,W10-F: XF-043 — double deviation subtraction prevention,Verify no double-counting of deviation in liquidation cleanup,yes,pass,,,
w10-coverage,rm5-reactivation.test.ts,W10-G: RM5-003 — 10-op cluster reactivation with removed op,10-operator cluster with 1 removed — reactivation skips removed op,yes,pass,,,
w10-coverage,rm5-reactivation.test.ts,W10-G: RM5-004 — 7-op explicit EB reactivation variant,7-op cluster with explicit EB — deviation distributed to 6 active ops,yes,pass,,,
w10-coverage,rm5-reactivation.test.ts,W10-G: RM5-005 — 10-op explicit EB reactivation variant,10-op cluster with explicit EB — deviation distributed to 9 active ops,yes,pass,,,
w10-coverage,rm5-reactivation.test.ts,W10-G: RM5-011 — _resetOperatorState verification after removal,Verify all operator fields zeroed after removal before reactivation,yes,pass,,,
w10-coverage,rm5-reactivation.test.ts,W10-G: RM5-012 — fee accrual deep-dive after reactivation,Verify operator earnings accrue correctly for active ops only post-reactivation,yes,pass,,,
w10-coverage,rm5-reactivation.test.ts,W10-G: RM5-014 — EB update while liquidated + removed op,EB update on liquidated cluster with removed op — snapshot stored only,yes,pass,,,
w10-coverage,rm5-reactivation.test.ts,W10-G: RM5-016 — hasDeviation=false after reactivation,Baseline-only cluster reactivation — no deviation accounting needed,yes,pass,,,
w10-coverage,xl-lq-chains.test.ts,W10-H: XL-066 — all operators removed + reactivation attempt,All 4 ops removed — reactivation with zero active ops,yes,pass,,,
w10-coverage,xl-lq-chains.test.ts,W10-H: XL-067 — 3 of 4 ops removed + EB + liquidation chain,Progressive operator removal with EB updates between each,yes,pass,,,
w10-coverage,xl-lq-chains.test.ts,W10-H: XL-068 — removed op + validator mgmt + liquidation compound,Remove op → add validator → EB → liquidate — compound chain,yes,pass,,,
w10-coverage,rm2-liquidation.test.ts,W10-H: RM2 unverified gap 1 — late-addition liquidation scenario,Additional liquidation scenario from coverage verification,yes,pass,,,
w10-coverage,rm2-liquidation.test.ts,W10-H: RM2 unverified gap 2 — late-addition liquidation scenario,Additional liquidation scenario from coverage verification,yes,pass,,,
w10-coverage,xv-vl-eb.test.ts,XV-038: fee settlement on registration uses pre-registration vUnits,Proves fees settled at pre-registration storedVUnits not post-registration projected,yes,pass,,,
w10-coverage,xf-lifecycle.test.ts,XF-051: contract without receive() causes ETHTransferFailed on withdraw,Deploy non-payable contract as cluster owner — withdraw reverts with ETHTransferFailed,yes,pass,,,